,X,Y,Z,ClusterID
0,5.13577938997,4.16754223738,5.78763540101,4
1,4.28072069869,5.77090875415,6.09104420484,4
2,8.32909790493,7.54043594527,3.24723940444,2
3,5.47022447307,5.06924900954,5.76831343882,4
4,2.38179702512,2.40237388913,3.87910085829,1
5,8.60360313272,7.81454049873,4.66515611283,2
6,5.43730281412,4.339278491,5.28986637851,4
7,5.20821220032,4.34257522917,7.88349300188,3
8,7.99200149226,6.70730735136,2.07881096369,2
9,8.54720845704,7.62494562822,6.35326702108,2
10,5.05510880636,5.99169531222,5.77954272892,4
11,8.29655433748,8.05122222897,4.26845146726,2
12,8.35840594023,7.77183021603,3.3136813428,2
13,4.96499508691,5.56176547834,2.15516777667,5
14,5.34011955033,5.24243712517,7.79003044412,3
15,4.57417205937,4.90845259846,5.22348926233,4
16,5.38654141498,5.94718746928,8.49319601507,3
17,1.80793428748,2.00682965669,5.0303377129,1
18,1.94598797163,2.03796942979,4.95865195597,1
19,7.8137347268,7.97888782245,4.17560273122,2
20,5.2186517932,3.18246031945,7.57174195521,3
21,5.29438738143,5.26624353107,5.02479085929,4
22,5.49047604211,5.64493907855,4.59556898331,4
23,8.38236231553,7.94977694563,4.00176931935,2
24,4.35781709059,5.28267557057,7.94961179624,3
25,2.09393496115,2.17459976806,5.638563719,1
26,5.15286380324,5.74854079092,7.83131715925,3
27,1.68290095786,2.81550257564,2.68010129047,1
28,5.21458466745,2.67475127871,2.54122124513,5
29,5.19209569448,5.45201399045,5.20125675284,4
30,4.75218010411,5.10296573503,1.59287570187,5
31,7.74068703013,7.8224430977,4.4489191829,2
32,7.97290781339,7.7122942857,6.97061138723,2
33,5.40058687969,6.02695051063,7.89193458643,3
34,4.98982160799,5.14583176635,6.11876880914,4
35,8.12554667017,6.67553160732,7.91126924197,2
36,4.9867132074,4.86009675831,5.08374954877,4
37,4.49254248503,6.02224022533,2.40168906613,5
38,1.96366736998,2.38829227315,3.72318253757,1
39,5.1601679249,6.50270591374,2.1408887706,5
40,7.64917068294,7.6093571153,3.77134458577,2
41,2.20752074195,2.13935404977,5.51333155772,1
42,1.45480745563,2.10014864152,5.83176456804,1
43,2.58527756506,2.58985774795,3.36518268157,1
44,7.63462782092,7.13951030055,7.31582896882,2
45,5.44357036592,5.08780103218,5.1865146078,4
46,4.89382489266,6.15282897132,7.72878429245,3
47,4.95144456823,4.83920274034,5.28916962408,4
48,5.28215892774,3.46365387028,7.81797356037,3
49,1.68438708867,2.03606465811,5.26861063372,1
50,4.97866824153,4.40798336156,8.19270512199,3
51,5.06827445296,6.22704123005,2.27604477853,5
52,4.79862393672,6.30988479038,2.3134774704,5
53,4.5441458288,4.48672961433,1.89469850709,5
54,8.2463818667,8.11540790895,5.8553411352,2
55,1.94904403548,2.15495169765,4.51751297382,1
56,5.13640349482,2.86809645295,7.34852955313,3
57,2.00229728186,2.58058562866,3.42814810805,1
58,7.95143468659,7.98285427956,5.62627413522,2
59,4.75828135591,4.94502753327,5.26367407065,4
60,7.91066876667,8.20935785163,5.34741738369,2
61,4.57742698916,3.81671589689,7.82634975869,3
62,2.12627779085,3.5545665789,8.09007162088,1
63,7.32899893285,8.0628794416,4.08187043283,2
64,5.48146982622,6.37045063319,7.78865007516,3
65,2.35381300834,2.25021925888,4.52543178793,1
66,4.66187456617,3.76242217512,4.82719583793,4
67,4.68025893226,6.82911149381,2.63920995402,5
68,4.9899554539,5.46423467935,7.84104299511,3
69,4.60665752557,5.81430387317,7.66852012287,3
70,4.0688442372,4.53177374639,7.95046357782,3
71,5.30783117415,6.22412305437,2.27937792838,5
72,7.65562367569,7.99640243601,4.40261606769,2
73,8.37372381906,7.71473353933,4.24683090735,2
74,5.15508971992,6.05091669768,7.98687715905,3
75,2.40543665913,2.08850303399,6.45957918862,1
76,5.2592871176,5.2920751324,7.91938332831,3
77,5.08246142428,4.29516519687,1.93620282644,5
78,8.12118861358,7.68467916141,6.00366552399,2
79,2.50967133998,2.08711864995,5.23604725175,1
80,4.88243974768,5.03810882157,7.8143972954,3
81,2.09138646844,2.22905137807,4.75454077399,1
82,2.09125742688,2.43551655379,3.04153321207,1
83,4.90570535339,2.95244240843,2.38630932931,5
84,4.96483586603,4.66531422181,4.69740622415,4
85,5.49722972461,5.34887553498,8.4325948819,3
86,2.27159235238,2.15213132976,4.68774733358,1
87,4.4438545485,7.49610327725,7.3869632318,3
88,4.70082446935,5.82192227339,8.24220308982,3
89,5.40974538447,5.73327278626,2.53197119761,5
90,7.99095926966,7.88816686049,5.56655622205,2
91,8.09902672444,8.04969117561,4.74129581164,2
92,4.97597036581,4.89351149353,8.45092671274,3
93,1.89147567962,2.14116381066,5.75688398058,1
94,4.84916290453,3.85634051257,7.87753921521,3
95,5.30699830724,5.39343014167,7.90253594701,3
96,1.90550214452,3.03907295155,7.46360416864,1
97,7.83949155031,7.70176914844,3.61318786479,2
98,4.72629320022,5.94155548441,4.14665395229,4
99,2.14230290602,2.39680971408,3.42317991685,1
100,7.94567924027,8.10400457116,5.49484401575,2
101,4.88589672203,3.89099861842,2.16137440902,5
102,5.61773367051,3.99664186361,4.56591488843,4
103,7.79919759931,7.5787584454,5.92117412459,2
104,8.45933283831,7.36900701653,7.21472525978,2
105,5.2216874873,6.19974577003,2.11454906474,5
106,5.14723217598,7.03147358711,7.22521661967,3
107,5.15285925784,3.80414540207,5.27520415851,4
108,4.86362968852,5.86083511022,4.92075906861,4
109,4.56536879466,3.27448299862,7.70865393749,3
110,2.27953129647,2.38285159316,6.75717041362,1
111,7.57566385074,7.62974866075,3.91097722187,2
112,4.46818642969,5.21443502287,5.36374175094,4
113,8.6366872263,8.04749468516,5.70724481348,2
114,5.27972204348,4.94243882631,1.76043676151,5
115,8.13128513142,8.09653284289,6.08949100502,2
116,5.22821603476,5.91500638115,5.96391475043,4
117,4.83811692479,5.4991519409,5.37564088371,4
118,7.80526530429,7.87051257353,5.07529273511,2
119,4.75963241983,4.05979477458,7.79661190171,3
120,5.02319808799,6.35250348166,3.91331187347,4
121,5.03827725514,4.91837921997,4.55874529435,4
122,4.89337415438,3.99126250677,1.71786750639,5
123,8.56885368522,7.76417378801,5.26660547713,2
124,4.82959156306,5.66341875309,4.73435455843,4
125,4.76986746551,5.40148532385,4.57962956199,4
126,4.692275504,4.96574007381,1.74951733313,5
127,2.09208722036,2.12127266849,4.42769929819,1
128,5.00786864241,3.96154686062,2.32261795409,5
129,5.47989699988,5.79029672783,7.98229241193,3
130,2.06807390245,2.20911728068,5.8445785079,1
131,4.89149045716,4.56187166393,5.10177812542,4
132,4.94156629959,5.14636623049,5.61985066397,4
133,7.92602039854,7.75285560618,5.63941449669,2
134,5.44479590055,5.64774377494,1.75304035409,5
135,1.44908770898,3.28431777264,7.94914022879,1
136,5.1520758762,4.19113455378,7.47318973729,3
137,4.76023078597,4.9304483798,7.98022177225,3
138,2.15565777669,2.1070309668,5.52497221863,1
139,5.20194384395,4.43738866562,2.04530623921,5
140,5.37792187332,4.79012244093,8.01124187177,3
141,2.21804638077,2.28485330196,4.81696531789,1
142,8.38232734618,8.00714920943,4.57069962685,2
143,5.17122606891,5.85108187508,1.97851074262,5
144,4.55207584985,4.34746616371,8.12512164385,3
145,5.29362703046,4.52666433557,5.8647300948,4
146,5.07814968833,5.72916627463,8.2780624485,3
147,1.79121709951,1.95501785864,5.02633820911,1
148,8.26498883158,8.19227094709,5.72651562915,2
149,5.37726411523,5.0889466018,8.0165625038,3
150,5.44273908839,4.77508224545,4.74083961147,4
151,1.49840750222,2.710389063,2.887784731,1
152,4.97583904051,7.63550299088,7.08115738389,3
153,5.74955666117,5.78081446433,4.91234814749,4
154,4.97014767676,5.13928871011,8.21075631565,3
155,2.10905364512,2.87455534187,7.7035633571,1
156,5.66841351414,2.55402417051,2.76006410779,5
157,7.91617691884,8.14216542046,5.49452552303,2
158,8.0077792561,7.575117076,6.91667164708,2
159,4.94063844133,4.69837196656,5.22388439515,4
160,4.76863552404,4.11463987978,2.21696811301,5
161,5.22418451481,4.33714312005,2.41504867806,5
162,4.94303656196,4.71079165522,2.28751086031,5
163,5.01710132885,4.91944899898,1.83986106554,5
164,8.12447765787,7.7812818838,4.15526128379,2
165,2.01163283639,2.07517901527,4.68877571658,1
166,7.76003399913,7.90571523272,4.93856187658,2
167,4.52551974886,4.69275731742,5.11028039901,4
168,2.18557466016,2.01263598667,5.54600398755,1
169,1.77689503557,2.31789879936,6.93602141402,1
170,5.33375278993,4.65274900992,3.53723675622,4
171,7.98909751967,7.89926988535,3.89884676636,2
172,4.43225107968,5.98844677752,7.96948869696,3
173,4.98958873826,4.30049665739,2.39129784428,5
174,5.62675921675,4.05716713581,5.25313996403,4
175,1.81629218215,2.19133081002,4.42849901952,1
176,5.10083023208,5.59501317736,5.13153991516,4
177,7.99225404601,8.06709454432,4.43229288223,2
178,5.39448683563,3.39406159295,7.67930822448,3
179,4.40038649013,5.06681277343,4.34804237617,4
180,8.15873537124,8.04934730876,4.89995151292,2
181,5.70940624312,7.29702916804,2.4821591872,5
182,5.56096867956,6.17265713452,8.07399181592,3
183,5.25446576484,4.36048051185,3.9916833061,4
184,5.60042383019,5.21628505826,4.76305320595,4
185,4.92113473063,3.96018948791,7.63823144001,3
186,5.12227618723,6.89277368347,7.81961584775,3
187,4.58769648546,6.53843434783,7.93403145763,3
188,5.26438730018,5.03841963454,2.01385165847,5
189,5.35451980521,6.8601980384,2.61383518632,5
190,4.63987805787,4.77332813481,5.14200807507,4
191,7.77235513721,7.6830394032,6.76789485119,2
192,8.36441732693,8.07212355762,5.51073623808,2
193,1.78376667203,2.2567228152,5.91989083298,1
194,4.72263481276,3.11124468908,2.70285437708,5
195,5.03057793784,5.50021380903,5.53899421883,4
196,1.92776294885,2.23305354191,6.19126689425,1
197,4.84609415707,5.67985328902,8.01731330976,3
198,5.09575275196,5.62986663805,1.84857409773,5
199,4.94128389517,5.87782210023,2.14885086529,5
200,4.46502714203,4.03828401472,2.18541653405,5
201,4.56402484458,5.01932468853,1.90525181281,5
202,5.09809085763,3.86678141643,8.25603387852,3
203,5.17310913446,6.49624794361,2.49037337999,5
204,7.80346661892,7.8623838442,5.99791114492,2
205,4.87871963205,4.98706196869,4.0909298463,4
206,2.31288044682,2.23008220439,4.48188136063,1
207,7.74085452228,7.96756867052,5.97837836358,2
208,7.9824554871,7.86726680634,6.27374171742,2
209,7.89903144889,8.10938135137,4.55561272648,2
210,8.21322670976,7.64965454947,6.29101278422,2
211,7.53137649781,7.9017261219,6.29176773097,2
212,5.26645632083,5.52371557782,1.22958271797,5
213,8.29562527709,7.25467228588,2.42545453083,2
214,1.84779633825,2.24829783818,4.77620106742,1
215,4.97376707073,4.83126579083,5.74781336967,4
216,5.02290113339,5.17871122578,4.70974643029,4
217,1.82438137447,1.93207099015,4.8437510156,1
218,1.90595874146,2.6618231986,6.80426658918,1
219,1.97089765199,1.93069883191,3.98736223131,1
220,5.43751106296,6.03925047669,4.15621057284,4
221,1.61432049104,1.90983682758,5.31241002884,1
222,4.12858660742,4.52293695325,7.71467123274,3
223,2.28168461214,2.05852054519,5.45974007146,1
224,4.9355745582,3.95517044321,2.15443815865,5
225,7.98401322272,7.39887766462,7.42729994242,2
226,5.34508074074,5.05808865227,4.95838451111,4
227,4.92598196188,4.50986366814,4.9890507617,4
228,4.88658619086,3.39878272519,2.28601746199,5
229,1.50879002214,1.97560196355,4.59302449661,1
230,5.5008741238,5.21024983593,5.45393060156,4
231,7.87840848229,7.815418772,5.09479699068,2
232,1.75299282114,2.2356847122,6.52441867392,1
233,4.85102251524,4.90093382557,3.86893492427,4
234,5.16419041094,7.52822428666,6.96955426492,3
235,8.33717079454,7.5910267163,6.02843622807,2
236,7.60794168108,7.92395064409,4.6593721216,2
237,5.08556025275,5.69239490347,7.84846188465,3
238,4.71749682347,5.92366880493,1.86734045794,5
239,5.29311742703,4.79280295561,1.55778325702,5
240,4.15211082328,5.57711462384,2.18911548867,5
241,2.47166423792,1.86780461854,4.73655750667,1
242,5.09243088662,5.4376170989,4.53295282195,4
243,4.74193997311,5.91747592003,2.10369826604,5
244,4.94484786489,6.32285462683,4.53245592378,4
245,5.85360935683,5.25680396436,2.03398461298,5
246,4.95985652676,3.97906139141,7.88533486183,3
247,4.73309962976,4.01535770174,8.01314053635,3
248,5.34842093448,5.37326022087,1.91760620486,5
249,4.86003851222,3.89215491274,2.46876234446,5
250,7.93872300624,7.44019002525,6.67578221061,2
251,5.22485500466,5.12664062051,2.26452951684,5
252,1.80669576157,2.20106666677,3.7924154207,1
253,8.41118753629,8.03444086753,5.86548820759,2
254,8.05183618359,8.20343038854,4.74383761092,2
255,5.49491008716,5.06990443569,4.76935233141,4
256,5.15139638232,4.84098126744,5.22341852421,4
257,4.54910988608,5.5937387543,5.00718023319,4
258,1.5597938489,2.33989243053,3.8242443096,1
259,5.47008288665,7.33562736132,2.61411132902,5
260,8.09867209556,7.78153311747,4.07914093683,2
261,5.04053076678,3.95568604466,8.24037523807,3
262,4.05585022018,4.04583529907,6.43728060387,4
263,5.07569731996,4.25023072652,4.74399752579,4
264,5.30102642411,4.59382494478,1.63409926403,5
265,5.58384823443,4.89895519794,8.23164162227,3
266,1.8448954696,1.95893180194,4.69187695036,1
267,1.60481118134,2.10127301713,6.57215271812,1
268,5.50582134962,6.07832901191,5.98433028708,4
269,4.9296853812,4.58662870206,1.89561642689,5
270,7.75927379178,8.0434583089,4.86082309409,2
271,4.59328393952,4.7225172529,2.07530653604,5
272,4.50262272397,5.26382868434,1.77860971761,5
273,7.8741796637,8.10357335452,4.80087037809,2
274,5.03990345046,3.70055955094,7.89614524124,3
275,7.92396645247,7.78171677877,5.30313430228,2
276,4.85527107874,2.69253854805,7.33797097719,3
277,5.15125188733,4.91131620549,5.42329826347,4
278,4.82117942265,6.40826328078,2.37984742585,5
279,8.04074021582,7.88498531609,4.01631371214,2
280,5.42367469071,4.04772032978,2.18260749814,5
281,4.89871550052,5.42730923966,5.1958613794,4
282,4.80763020958,4.44141302604,1.97066145398,5
283,1.95296369727,2.10046323042,5.91848427381,1
284,5.26432037469,3.88575635332,7.57259774734,3
285,7.49043005041,7.88646603642,5.6678809905,2
286,4.86016022046,3.76831920091,1.89237864097,5
287,8.57481562341,7.999224607,4.81939956396,2
288,4.58219866061,5.01484978057,8.13906211641,3
289,5.34071984482,4.81501779007,4.53729788795,4
290,5.07178376268,4.43712841564,4.91652722119,4
291,4.567714818,4.04611299575,2.24520821012,5
292,2.10640717143,2.16905843254,5.39510321187,1
293,5.35266540883,5.73432449488,1.96441967666,5
294,7.34214433905,7.4270808386,7.05380802837,2
295,4.97610394508,4.0423118063,2.09873154087,5
296,2.09898344251,2.12914555867,5.22970550984,1
297,4.66855304201,4.78942793735,5.07284705256,4
298,4.88853230136,2.75518239908,2.73822146116,5
299,4.68052157123,4.7180209032,8.02785156431,3
300,5.22696185894,4.04518423323,2.10339544364,5
301,5.17349843914,3.90890036819,1.96310182693,5
302,5.27108470785,5.17718522951,4.59739049475,4
303,4.88676945657,5.31251735827,2.01552276241,5
304,5.0862666309,4.08018902708,2.23477620711,5
305,8.65447235944,7.94536866838,6.21859080223,2
306,7.89002762642,7.85699991255,4.36015634919,2
307,5.35794060063,5.11245529901,5.12736393423,4
308,5.52742889559,4.8440102647,8.19962465275,3
309,5.04295143103,7.24748207589,7.12372493854,3
310,2.42937319363,1.88668160539,4.93661226195,1
311,5.54492035913,5.59676052029,7.64428666692,3
312,1.79871359418,2.11938775606,5.96104906287,1
313,4.94140351045,3.66861284178,7.61002014633,3
314,5.40562799935,6.19900460065,2.19260674528,5
315,1.73269570847,2.05907104145,4.94581951103,1
316,5.30155191482,5.12981518526,6.26368728099,4
317,7.60893389339,7.76417468907,3.22384754574,2
318,2.06116520978,2.14607654555,4.26660397767,1
319,1.92224739039,2.06545467504,4.18672599727,1
320,4.83815434046,5.66421880793,7.9632236133,3
321,4.87896243252,2.01825671656,6.85688192443,3
322,5.18429328051,3.94108653785,7.75340608431,3
323,5.00593525364,6.10301299208,2.36624990112,5
324,4.53134586893,4.73496096564,8.08733569571,3
325,8.20030999937,7.84262055522,6.05367749719,2
326,8.06106291364,7.99622841567,4.83870934717,2
327,5.11024041976,5.31261216465,5.59729459389,4
328,2.0246303571,2.7282201926,7.2176070612,1
329,4.91234175911,5.47597857681,4.73581301079,4
330,4.80824157972,5.27242643103,5.04829260346,4
331,4.70009814732,3.91488934322,7.73908626614,3
332,7.80582003568,8.06322406273,5.60184980983,2
333,8.50373384567,7.73166337442,7.09585044444,2
334,5.35226884212,1.35050917373,4.27554344728,5
335,4.45805926275,3.01751678947,7.74907014709,3
336,5.06723059752,6.05821055772,7.73949301142,3
337,6.96362545373,7.59540666665,6.2840560776,2
338,4.70476690263,8.04076966007,3.27871424397,5
339,5.17606805987,6.4954462858,2.09428553188,5
340,7.72896971969,7.41420981136,3.11408782822,2
341,5.05533438791,5.08033734889,8.37940253696,3
342,8.06337746716,7.87417955458,4.07821587426,2
343,4.41389688522,4.86818611262,7.84088924082,3
344,8.26692273285,8.16172158314,5.19258776465,2
345,4.85667200932,6.6678814578,2.28935337237,5
346,4.97425183996,5.44295551547,4.39372713518,4
347,5.06862613385,3.87520696157,1.86950077998,5
348,5.36353387178,5.99379872957,2.21981543591,5
349,4.99408000197,5.57784637278,2.12233331479,5
350,1.93063938014,1.91469859996,5.06012416513,1
351,8.16614218925,7.48862422958,6.64578280845,2
352,5.35832315893,5.43999624606,4.23215965578,4
353,5.38701426316,5.75327634711,7.69305639619,3
354,1.95032089091,1.90927374339,5.33427420203,1
355,4.80930004093,6.19672348556,4.37879009281,4
356,7.60811993461,6.67602599848,7.80762351462,2
357,8.20993032014,7.80385901527,6.30310868197,2
358,5.02361870969,4.87221748156,4.62552146843,4
359,8.26213744981,7.86855529548,4.57100226674,2
360,4.95470423326,3.8665230966,2.30941412549,5
361,5.44603437151,6.4399304215,7.4864137718,3
362,2.15813588773,2.28876694641,4.67976665198,1
363,5.22792463546,5.10181824197,4.85019554611,4
364,5.21019819195,4.77432880709,5.66223485918,4
365,5.30203191635,5.82948555726,2.14605543608,5
366,5.40217367768,3.71238534391,7.30572970617,3
367,4.92246966038,4.28557375328,1.99329043838,5
368,4.79675736889,5.55202734497,7.54201239002,3
369,1.98416989427,1.93747143693,5.48463798703,1
370,4.39752645768,5.26816333378,2.05742747763,5
371,1.87352009416,1.85563616574,5.08926641968,1
372,2.25878439223,2.13446859987,3.91177032292,1
373,4.843090587,6.29476971734,2.21303614272,5
374,5.26827741529,3.39985658746,2.20345937912,5
375,5.31305471795,3.71614319037,2.36753145851,5
376,5.21125749638,2.90575495761,2.97170783601,5
377,5.18068606207,3.98956967625,5.47351267401,4
378,5.06908215595,6.33478424442,2.26220422448,5
379,4.87794597228,5.5022276574,8.04822331372,3
380,4.65518500652,5.52144531569,7.7373484068,3
381,4.75121034934,5.06122109998,2.10306318404,5
382,7.72575929932,7.92827345024,4.03781076833,2
383,4.95682133542,6.03551347059,8.12484881782,3
384,4.72255124803,4.70668933392,6.10982473038,4
385,4.57300722485,5.98718627292,2.13436779899,5
386,4.91394340435,4.26694232067,8.01369726911,3
387,4.76176461124,4.72804665422,7.66554653769,3
388,5.00899894488,3.50781833979,2.11897633537,5
389,4.93925199883,5.72830088275,8.00863312873,3
390,7.73065445196,6.90923342751,7.77124928675,2
391,2.64122753652,2.14471911645,3.391173872,1
392,2.18744667934,2.35807197933,6.60011207917,1
393,2.22949096541,2.99830646165,2.51112483679,1
394,4.7390614296,5.32629293826,7.78963160254,3
395,7.88339514097,8.06424482887,4.12602338501,2
396,7.69119585759,7.62729653906,6.38425661634,2
397,7.98806019459,7.79564389499,4.00884950847,2
398,5.07903268617,5.06959518369,7.65852656916,3
399,4.61169664836,4.62754730734,7.51970644433,3
400,5.34842879809,2.86346032575,7.3204693268,3
401,2.41490237346,1.76043199845,4.61850792652,1
402,4.68845528388,3.94641960358,7.69704660276,3
403,7.52515689256,7.87469056361,4.2385963172,2
404,4.28600364652,5.71727104438,8.13149786813,3
405,5.08718697719,5.63639106328,5.00230555296,4
406,5.27895809168,5.48262148356,7.96491641207,3
407,4.96645299106,6.2705497391,1.94676988109,5
408,2.08276466136,2.04694852138,5.80227540018,1
409,8.25647749787,8.23929887818,5.70413027734,2
410,4.9786446576,6.76169060725,2.32350854651,5
411,4.96806092488,5.19164205867,5.69149330942,4
412,5.94904600173,4.19758246612,6.08165627123,4
413,5.05842027766,6.55203222732,2.79190964932,5
414,5.68794258606,5.07530893656,4.35265146159,4
415,1.85745555844,2.59285562631,3.08736212266,1
416,5.26420998148,3.71915132895,2.09685846761,5
417,8.17634952524,8.02522603897,4.56860619193,2
418,8.6659072835,7.73132851588,5.38147941135,2
419,7.93964542948,7.02301331315,7.33585644404,2
420,7.75922973168,7.93101233203,4.99853158657,2
421,4.9250246849,4.55567242017,4.63546802362,4
422,8.22154923155,8.09175432366,4.63703154367,2
423,4.98535271367,4.65124867627,5.86093619228,4
424,4.88613185328,5.29381036871,8.30200906239,3
425,4.43379466766,6.23330237556,2.51430406932,5
426,4.48356752346,6.43218954038,2.17957622648,5
427,4.77876563418,4.3148656197,7.93670881529,3
428,4.62248332458,4.59800463072,8.0801601266,3
429,8.31569496533,7.98209636229,4.72123462494,2
430,5.05797814621,4.18662723654,3.93225292518,4
431,8.09911558571,8.25640145244,5.08167381237,2
432,7.74099947908,8.1093294381,5.34075534799,2
433,8.26742500681,7.59776199373,3.38786105988,2
434,8.20905831633,7.15436213018,2.90839942657,2
435,2.25190541511,1.97161219652,5.55470465482,1
436,4.84450113623,6.06110107104,7.7333445282,3
437,4.52324260674,4.5601906311,5.2545586389,4
438,7.63305712394,7.8278174689,4.32517454184,2
439,7.86247195124,7.72386241721,3.88392746845,2
440,7.7339579249,7.82753243767,6.09159569472,2
441,7.91108598531,8.06866161872,5.82750252468,2
442,4.58958326408,5.52888928303,5.58720623915,4
443,4.87597503364,5.83280865146,7.74872800736,3
444,5.20941752928,3.1044335473,7.39469807324,3
445,7.81541191939,8.06694653592,5.34780608225,2
446,5.38977826678,4.62236440333,2.15487766161,5
447,1.8139863758,2.0243211339,4.59405314363,1
448,1.34058110444,2.42030039001,3.92441906777,1
449,5.19498939361,5.60427513721,4.44897987538,4
450,1.96748726528,2.01308509372,5.87118836844,1
451,8.24218663967,7.75080089424,5.17870221217,2
452,2.25822967314,2.04219366366,4.34626516597,1
453,4.70820689011,4.95955731726,5.39175557684,4
454,8.4728133624,8.00538457957,4.59739479022,2
455,4.88213408725,4.87042645461,5.46085689765,4
456,4.23301578178,4.11094839609,4.42627053399,4
457,8.32558003999,7.80724291268,6.38860490222,2
458,5.01113096031,2.57600425108,7.28174307775,3
459,4.79660848009,5.7762825877,1.80934156371,5
460,5.29638957693,5.13483954014,7.69984824487,3
461,8.12970696912,8.07606266891,5.43791789278,2
462,2.27848286687,1.81957329562,4.5290106484,1
463,5.13105141188,4.38211723233,7.99115891946,3
464,4.68733823369,5.41030973093,7.6967209652,3
465,2.53741610107,2.26219800185,4.20019103418,1
466,1.69957554747,2.07133980928,5.44038493784,1
467,5.04186091626,6.098211232,2.38697339292,5
468,5.62545162044,3.78184277405,7.88381680114,3
469,5.03302385595,6.85060646228,7.83546089884,3
470,4.49121479302,5.39434646242,8.43033183962,3
471,7.66796126157,7.98947920979,4.39166846063,2
472,4.9946747756,6.27135371725,7.92411206036,3
473,4.57996114531,3.88984720211,5.78233118328,4
474,4.70620207985,4.91219243476,1.81466661484,5
475,4.88249911323,5.76062094831,7.62591386412,3
476,5.20760341895,3.31044375009,2.44741906714,5
477,8.13706433126,8.07152018304,3.8201522558,2
478,1.5663692878,2.16362517993,6.00322758068,1
479,4.5642813119,5.35046027768,2.14700793297,5
480,5.03332014374,2.1349810814,6.59300319283,3
481,4.92010049564,5.82268661978,2.20564491212,5
482,4.60120053115,4.59394916653,7.62994862551,3
483,4.69255158055,5.9530617753,2.28381842175,5
484,8.10812260163,7.78871349136,4.25390094465,2
485,4.85814708279,6.33867245157,2.4681947494,5
486,4.64183250009,5.1240267347,3.59904539001,4
487,4.83449356543,5.45931981614,5.94062034155,4
488,4.92026107834,4.65434914553,8.15963978712,3
489,8.20630006497,7.17935443973,7.25954023501,2
490,5.17955945681,5.75794412078,1.99903085494,5
491,4.63162603341,4.66958841322,5.01627819643,4
492,5.49821438602,5.02957157567,4.08149295647,4
493,2.65623124524,2.08038987091,3.50216870254,1
494,2.40747678633,2.17354978575,5.99881657967,1
495,5.05782326406,6.04054786532,2.52322206828,5
496,5.27202492637,4.81802671689,1.86776608997,5
497,8.11694247911,7.88552847365,4.35035770083,2
498,5.22588015551,4.57989182085,5.31752126675,4
499,5.08846023183,3.87037434438,2.61263861132,5
500,2.01488535808,2.61108588883,2.96685632023,1
501,5.17250316175,7.56378580406,3.23067205363,5
502,5.02975976091,5.80454613947,1.63461398095,5
503,4.51315767375,5.94390723552,5.28318098635,4
504,2.1118445751,1.94268135111,4.94167743092,1
505,5.31129731916,4.61085310108,1.98320923437,5
506,5.43058248006,5.08393968407,1.75574947516,5
507,1.94940872581,2.31756902936,3.23889593421,1
508,5.35347279361,6.06701568821,5.6847250552,4
509,5.36819566735,4.75373669938,5.09529452278,4
510,8.35415430648,8.25969626632,4.92244509364,2
511,4.77791337277,5.27000981246,5.50850455541,4
512,7.40143296263,7.78829289258,3.85403019951,2
513,2.10999299372,1.95613583237,5.76635424817,1
514,4.70536315831,5.23392945845,1.91561191722,5
515,5.1603175865,5.91439011342,4.89995372395,4
516,4.72379013797,6.4333521646,2.21770157801,5
517,5.12617187297,5.51829432967,2.16219225957,5
518,4.60592587083,4.18085509592,5.67170454649,4
519,4.79290251089,2.51724624988,7.42303566743,3
520,4.75426677745,4.0728032328,5.11898891278,4
521,8.25155446977,7.20165915786,3.03764855104,2
522,2.36367322807,3.02372090601,2.49260199516,1
523,5.49937634004,3.32457552732,7.93692515423,3
524,5.17314651747,5.92580550522,5.60105069533,4
525,1.67508582181,1.97577382765,5.39082753202,1
526,5.00102057537,5.58005777307,4.42321404669,4
527,5.21134729565,4.478535551,8.46744949705,3
528,1.95021184044,2.26946704518,5.76648115395,1
529,4.76604406634,6.08059228644,2.22113497832,5
530,5.36013560413,5.89997041209,7.69324152976,3
531,5.04608828426,5.22416555895,8.24529538279,3
532,4.57084812506,3.93927786378,1.81557104222,5
533,7.6189595662,7.45050521587,4.92773304471,2
534,4.25610815356,5.50820633846,6.26797424321,4
535,5.09870827829,5.08424342154,2.34416731191,5
536,4.83717532702,5.98599890938,7.85023137406,3
537,4.43610751667,5.21629649069,2.01626510036,5
538,5.23396133078,4.68607597565,8.35151129537,3
539,4.87970353966,4.71672245265,5.22958946926,4
540,7.95231530664,7.80517887541,4.4819108863,2
541,4.87299158101,6.65625966358,8.0063893773,3
542,1.95674167548,2.13039238456,3.99694822176,1
543,4.89488113869,6.11548990896,5.2868639134,4
544,4.61532847964,6.76539157532,2.51655438207,5
545,5.03341095741,4.16311438155,7.75461558233,3
546,4.84336369593,6.34798602901,2.1874441606,5
547,4.95186405164,4.36256979048,2.11858071952,5
548,7.81452032004,8.00434611998,4.67583196633,2
549,4.81983844094,4.16764966704,5.3966016005,4
550,4.5839029439,5.41886951546,6.19848784512,4
551,8.30361211902,8.25286791237,4.59992603479,2
552,4.77185304977,5.05327276943,2.10288433736,5
553,4.58542263815,5.02679035818,4.6829316719,4
554,5.06527326914,4.15497616274,7.86931060897,3
555,7.7239731847,7.83526125001,4.23995542961,2
556,4.45010519133,4.74643725521,8.00449088981,3
557,1.71647631497,2.51098890989,3.35300578036,1
558,5.30204455121,5.91488908756,4.56271922628,4
559,5.47497225156,3.77689833206,2.5928392865,5
560,1.28810392154,1.94508692786,4.09234081852,1
561,5.1395243098,7.31885359366,2.61190821178,5
562,1.95426729595,2.09730905195,4.38704630773,1
563,5.04611354168,4.69115153187,7.92198313829,3
564,5.18484600573,5.54525291899,7.57048523001,3
565,4.53255150287,4.88785994934,4.11671423548,4
566,5.08960405414,4.86348581172,4.52509289352,4
567,4.5450662679,6.22556239686,5.01801683786,4
568,4.8886817095,5.11517217397,5.54398110937,4
569,4.79715964961,5.74897386241,2.15088548064,5
570,1.59900135704,2.29998783756,3.70911687725,1
571,7.69645124132,7.60321962879,6.47678065501,2
572,5.10871685809,4.99964398986,7.78409826177,3
573,4.63903930749,4.80763618459,2.0143242604,5
574,2.40569911461,2.79800936384,7.34541257453,1
575,5.17896254474,4.57725759815,6.04629774194,4
576,5.20260537326,5.29057113103,4.67975371017,4
577,4.82969262167,5.06875062575,1.87758359398,5
578,4.6201484181,4.83139641333,8.01512759798,3
579,2.21534984619,2.36664243109,6.87403227724,1
580,4.95471274803,2.47115915604,2.97153726144,5
581,7.97597638538,7.88207787483,5.41930694931,2
582,4.66962323504,4.57864635904,1.8315448037,5
583,5.28928605067,3.87684967294,1.93469862412,5
584,5.70569929331,4.85515945419,8.37810468214,3
585,2.24179132222,1.83612434444,4.81378073145,1
586,2.3411065274,2.20864067508,6.12154502025,1
587,8.50859506597,7.68981650685,6.46816826872,2
588,5.2894737209,6.88773328009,7.69436576257,3
589,7.67474357073,7.84751381624,5.85496672295,2
590,5.1687731983,4.6253574657,2.08117670853,5
591,5.18226018839,4.92700485426,5.58899301266,4
592,5.01089288373,4.68246874258,4.86484224583,4
593,2.0633239653,1.8879836543,4.75426340125,1
594,4.84904370321,5.86406593223,1.9584280453,5
595,1.66747419089,1.96782230606,5.32241511731,1
596,7.98552069517,7.85471784161,6.21085295586,2
597,2.18106954941,2.17672463504,5.40474864731,1
598,4.9470780522,4.37857399165,8.35630702203,3
599,4.65315115774,4.32263159528,7.9908956853,3
600,1.86267983292,2.31575714728,3.75825238589,1
601,4.60807970701,4.93466897829,7.76172170561,3
602,5.22216527455,4.43521429187,7.83591746322,3
603,4.82703583093,7.59661854982,2.66268423709,5
604,5.12319850795,4.72422070302,4.1180345072,4
605,8.01639217152,7.83425697788,3.93296273984,2
606,5.27896842715,3.54647069512,2.14307545465,5
607,7.90590309483,8.09001459742,5.22594989583,2
608,2.10972826793,2.16940935067,5.60344234028,1
609,5.51236620586,5.4687173592,7.48513913349,3
610,7.76702744889,7.67921539832,6.78550094423,2
611,4.3025029698,4.50716006706,7.66206210286,3
612,4.50879613623,5.53642615388,2.43324896798,5
613,5.33211753785,4.6555651778,5.43625360684,4
614,8.82467160509,7.93416121032,5.63526274806,2
615,1.74970926195,2.10458089234,6.18246984645,1
616,1.94119227,2.00035872617,4.48178639294,1
617,2.1601987425,2.29673705711,5.72432296345,1
618,5.14573976141,4.96451862009,5.50250540477,4
619,5.09734064677,6.02018690121,8.05088090264,3
620,8.23696016533,7.67919509816,6.14268571588,2
621,8.01627890129,7.8467352368,5.35502703153,2
622,4.99957562903,5.06999741421,1.78361108571,5
623,5.17031676703,4.67254155794,4.11416855669,4
624,4.93967388157,4.73335459883,4.47682630365,4
625,1.89446063675,3.28336941382,7.95487739114,1
626,5.41823259081,3.55533543899,8.08640134334,3
627,5.43495732968,6.03621346368,2.24301161114,5
628,4.91631817666,4.46199592814,2.03994340876,5
629,1.96150609727,2.48889506551,6.10035571439,1
630,4.60262469601,5.37697356559,5.66868027261,4
631,8.19962509865,7.97646025426,4.70066540126,2
632,4.69338823298,5.41506943101,4.73836530678,4
633,1.37726440064,2.11388776075,5.58344440706,1
634,2.02777520149,1.90274984246,5.26611750053,1
635,4.9011536617,4.60041325568,2.24316195231,5
636,1.80104294435,2.21552789982,4.37594404096,1
637,1.75162357763,2.14371139237,5.78790161056,1
638,5.01382788751,4.20788827866,4.93996538102,4
639,8.4610634531,7.7415101871,3.64703131978,2
640,8.05742223906,8.0571865816,4.74056735111,2
641,2.04009173133,2.32287739543,3.42683165281,1
642,5.48345467237,4.05329917701,1.65284869586,5
643,4.95186843128,6.17853276271,2.22351753805,5
644,4.90655717986,5.67981569671,4.28386304887,4
645,5.26864054494,2.34215545796,3.23516201492,5
646,5.07782567995,4.43727369016,1.92522497095,5
647,8.02375858593,7.74431048164,6.73635621294,2
648,1.17053321487,2.32059454363,4.58709817453,1
649,8.06730279961,8.27170234765,5.23000246918,2
650,7.79537086236,7.83606144076,5.38496537547,2
651,7.72986933946,7.62145160292,5.34806138402,2
652,2.65770449668,1.75311988481,5.33052512039,1
653,1.81236423276,2.37478709274,6.74122350742,1
654,2.07814358596,2.22054982416,6.2593376336,1
655,4.82409564212,7.03394621502,7.21759807391,3
656,5.46508697282,6.5798890447,2.60046180905,5
657,4.78213680482,2.96236537069,2.3786034848,5
658,7.87607460137,7.91545688735,4.39163034354,2
659,7.76103339015,7.90234482276,5.26483731468,2
660,4.66775674659,5.74033582738,7.69948688168,3
661,7.94348762629,7.82276812361,3.95386567272,2
662,8.26109014247,8.34372619512,4.78805845956,2
663,5.35464645962,7.37252041605,6.97419822564,3
664,2.85709173988,2.1196081903,4.04681046529,1
665,1.84291545802,2.15190158824,5.21629958902,1
666,4.50650632039,4.56962745824,5.24114120039,4
667,5.14670572132,5.12442337381,1.73786189599,5
668,1.64566014929,2.05078308914,5.59137782726,1
669,1.93291360634,1.89263119162,4.30168773313,1
670,5.08791708731,6.13777808499,7.94693001443,3
671,5.36818260291,4.61911818187,1.97944373177,5
672,4.95263161308,5.73865004613,4.42452755977,4
673,1.85159263824,2.37692303282,6.4737382399,1
674,4.57590325275,5.58387177986,5.76379497915,4
675,2.12376251882,2.09998589479,6.32145368331,1
676,7.62481040156,7.76532486952,5.34282274645,2
677,2.27399646551,1.95332036977,4.32025371401,1
678,4.83037963205,4.93038046775,8.10082737942,3
679,4.59228953518,4.48676266396,1.8920693089,5
680,5.4875375531,5.34033454275,5.14318024382,4
681,7.83664751271,7.66061469036,6.54984871996,2
682,5.19239327842,5.05420980974,1.73088966314,5
683,4.92719908707,5.35616215811,4.38594803003,4
684,2.58938564618,1.77147614402,5.32990942444,1
685,5.43989489537,3.68861670503,4.92668177394,4
686,5.02442664861,4.42591328391,4.55980205167,4
687,4.97668061767,5.00937394796,4.99562235738,4
688,5.31947987752,5.05741713948,7.98877745533,3
689,4.77539413075,5.15383916823,7.88987414804,3
690,7.60679323356,8.04496251087,5.18615507665,2
691,4.93965185155,5.81508955527,1.9402151707,5
692,4.98013931413,5.28047249308,4.69414473951,4
693,5.41679867554,4.09362348204,1.97681157606,5
694,5.14773269323,5.36437814119,5.93974761066,4
695,2.10357481739,2.24273657944,6.04149981368,1
696,4.90032985705,5.01245713762,5.42501216492,4
697,2.60423518508,2.11224237384,5.08036209106,1
698,4.7342020429,5.4637386611,1.60148795508,5
699,4.93676204881,5.88342865831,5.47504778746,4
700,1.91100120286,2.35642785952,4.05517101638,1
701,5.31741451446,5.2698779034,4.47178425455,4
702,5.27572505703,5.26364948403,7.96896619713,3
703,4.62101838211,6.56970453145,7.62557811018,3
704,4.69426681455,5.62154718996,4.34293821199,4
705,1.89792331974,2.12146172449,5.13943332115,1
706,7.41537188121,7.88261328578,5.30109368372,2
707,2.48731646898,3.03992026234,2.31950906651,1
708,1.67507101411,1.96689473569,5.06930519459,1
709,5.5424304395,5.24193805506,2.31314042245,5
710,2.09883265357,2.06497276124,5.07650321841,1
711,4.50278835785,3.69401137313,2.21379431494,5
712,4.97661450936,4.58750591635,7.79986275164,3
713,7.98890240565,7.87107077407,5.1578194572,2
714,5.03201916772,4.95310428325,6.38599831495,4
715,4.22352036628,2.97740611728,2.38473037047,5
716,5.51564757094,6.48428156041,7.66295046961,3
717,5.0256522728,6.314093571,7.90010533393,3
718,5.59891056148,5.22589930391,4.79354954244,4
719,8.0853975441,8.11596667269,5.9403550406,2
720,1.80207661258,1.92767976389,5.90831652801,1
721,4.70295858606,5.86504159134,5.8598789816,4
722,2.17511965658,2.05011685703,5.02627892591,1
723,4.98826990874,4.84421640204,8.00885404058,3
724,7.75442183164,7.95219845326,5.19648197268,2
725,2.05609460599,2.22153955221,4.19203910509,1
726,4.89925022685,4.92353526595,5.44461430415,4
727,4.94018003614,2.59718824931,2.46540785538,5
728,4.42000083016,5.59088415389,4.32109988232,4
729,4.96250482342,6.11170405751,1.88874166212,5
730,2.10670715537,2.17295766757,4.55520110278,1
731,4.45689908088,4.40317575665,1.95952591784,5
732,4.90291769237,5.07091624733,1.60198876368,5
733,2.1938955855,2.21141337125,5.0806648804,1
734,1.6409740096,2.00856014763,5.00301650758,1
735,4.69022769954,5.3815431203,5.16605393459,4
736,5.06787143127,5.55217371366,1.91305374425,5
737,5.43362264279,4.23409358121,5.81515428764,4
738,5.53851679128,3.01456639908,2.29926720089,5
739,4.99702312347,5.96184923033,7.70206057285,3
740,2.15903901293,2.16096408985,6.39263424646,1
741,2.3500482769,2.00418864584,4.72866664154,1
742,5.08102249666,5.08200100868,8.01345331611,3
743,7.80534264143,8.02157707089,5.51205581193,2
744,5.16009965771,4.64782456097,8.16062893452,3
745,4.58058756076,5.42662720838,5.22807224754,4
746,2.08680217244,2.01476461547,5.2031163041,1
747,5.2278874863,4.93794180288,5.86897716948,4
748,4.99612623989,5.14702869,5.33205205747,4
749,8.26595694257,7.42808960569,7.18799652049,2
750,5.00468542722,4.33234857528,1.74041883274,5
751,2.07888466541,2.33328264304,3.60508162587,1
752,5.10028666243,3.53383262215,2.15657801095,5
753,4.51315912592,7.01554640499,7.7109708607,3
754,1.74372939038,2.0578554278,3.88576528113,1
755,5.22557530121,5.50348186402,3.90732103014,4
756,8.40980554971,7.84332634921,5.80595249503,2
757,2.25230892795,2.08846895903,3.99099358336,1
758,4.85311960614,5.97693725206,7.85659200397,3
759,4.80195296438,4.78667351092,4.62460619631,4
760,8.16230754831,7.90919368632,5.33558377569,2
761,2.01249500864,2.12857549216,5.70657450061,1
762,4.95077691265,5.50847825808,4.86700918365,4
763,5.19033766012,6.57332133987,7.53209213247,3
764,7.94692976699,8.09110362989,4.92257724372,2
765,4.3142808623,2.09566113995,6.62467135234,3
766,7.90629023902,7.94404892947,4.39659924794,2
767,5.15063593042,4.792277251,4.28528352143,4
768,1.30412042451,1.72553543365,5.85603989443,1
769,8.03373246001,7.87956190963,5.19393202051,2
770,2.02069348311,2.02035157103,4.20422406824,1
771,8.15605122584,7.99894517673,5.67142569323,2
772,4.57170509444,6.47073818509,2.21451924921,5
773,4.98101141318,5.35742062162,8.30880412662,3
774,4.64483373398,4.75553100065,7.94137470544,3
775,5.23205034491,4.01359699193,5.92401199695,4
776,5.399684594,4.58911639006,8.1637746258,3
777,2.34043204283,2.06536103017,5.33437101712,1
778,1.84639149484,2.66108549,7.11719840878,1
779,4.74186026605,4.81538211189,4.47600793482,4
780,4.85016461469,4.68296886139,5.74292388164,4
781,4.83919604409,3.13660338938,2.1782236567,5
782,1.91783020902,1.96462603986,5.26536510394,1
783,4.41724459682,4.57214178496,5.0107442912,4
784,7.86392400032,7.96464655952,5.62132926429,2
785,8.38929694553,7.86219139485,4.11640844902,2
786,4.94493457823,2.55351777364,2.92142945444,5
787,5.27646636567,5.26256085957,4.41904476059,4
788,2.39238963452,2.47103916541,6.56730722505,1
789,4.35907092118,5.23574105728,7.68643762258,3
790,4.37523585699,5.51048894328,7.96971678245,3
791,4.75514483248,5.46743639574,7.55447925597,3
792,4.90673504092,4.46438422342,4.85503325054,4
793,4.74261075199,4.94952286432,1.91175974483,5
794,8.06164724136,7.88206423991,5.18431642467,2
795,8.68097788512,8.16557548581,4.70208471696,2
796,1.82408879896,2.62987414602,2.90683508942,1
797,8.40376991264,7.86270309447,3.51836146524,2
798,2.64500535891,2.07827130376,3.84151844875,1
799,5.05483614795,3.86525775173,5.76342848967,4
800,7.47187320504,8.14759574689,5.68063553163,2
801,1.55198195764,2.2572997338,3.96890628639,1
802,4.98965688608,5.37246661464,5.07593508104,4
803,4.54470215562,3.88753887212,2.23937298828,5
804,2.25741159491,2.10612486947,4.0552932309,1
805,5.2422350121,6.54682008568,2.52035067194,5
806,4.82348676259,5.82035531565,2.04430314263,5
807,5.34865934599,4.89054894287,1.92584491646,5
808,4.75672184923,3.31323186536,2.30688949775,5
809,4.82038470968,4.26857059652,7.95901591045,3
810,8.19876845117,7.76559230807,6.32613782336,2
811,5.13238735273,4.78049373955,1.68510129894,5
812,8.00900730117,7.39406885619,7.07496122516,2
813,5.16748469628,6.11912961087,7.80233309395,3
814,5.14375171444,5.27416698903,5.42226176794,4
815,5.28779213482,5.34896838438,4.3904481619,4
816,5.76001821512,4.50264982061,4.72923342858,4
817,8.0265771946,8.12651664919,4.30244073293,2
818,1.96056523393,2.64175422488,6.94879185854,1
819,5.11530297211,4.91522851348,4.99896687423,4
820,4.63866265781,4.87823890631,7.69647390113,3
821,5.41484805365,3.91667945503,2.38353601624,5
822,5.63136195233,5.63905749692,2.13025852307,5
823,8.4705287664,7.70318297558,3.20524069963,2
824,4.92596940179,4.76466943485,5.79175776872,4
825,5.48480114646,3.17629887694,2.28883324554,5
826,7.75861568089,7.89076637042,5.68468304101,2
827,2.32298101835,2.41997319369,3.81941610323,1
828,5.25967589865,3.94441761412,2.23548161992,5
829,2.22573627237,2.16417133365,6.0683462469,1
830,7.86201714327,7.71758122246,5.82744450182,2
831,4.78884323084,4.77972517441,7.86184942767,3
832,1.9931701612,1.8886536802,4.40201140003,1
833,5.21096003577,5.48648164901,2.12456669867,5
834,5.17024515672,6.02001405065,7.46086778484,3
835,1.94488208453,1.90233613937,5.65414411077,1
836,8.00875755281,7.89655355769,5.75151379838,2
837,2.0138103026,1.69444930786,4.51541471323,1
838,5.54546755381,4.69513060256,2.05904441775,5
839,4.81760527548,6.38016998816,2.17119685529,5
840,7.52956040936,8.14752977621,4.27113226911,2
841,1.22787591646,2.38107760902,3.21928363595,1
842,2.78470605353,2.20203959206,4.77854546282,1
843,1.93131560587,2.10352888846,5.67077800409,1
844,4.60369618802,4.41019112949,1.76446866142,5
845,4.92407300232,5.42509995011,4.77540514217,4
846,2.03158548592,1.9919290455,4.14354137348,1
847,4.82401771047,6.29194214457,7.68744577194,3
848,8.18609633384,7.85319138295,4.12092421202,2
849,8.19427692139,8.19362731361,3.61236556847,2
850,2.16258683412,2.10407843262,5.93642749335,1
851,4.6618437491,4.69838453132,6.06505895861,4
852,8.04847986474,7.70891465606,6.09312243785,2
853,2.08564581543,2.35141562127,6.10117385945,1
854,1.79868781898,2.088496154,5.84714523083,1
855,8.07863713349,8.03053891726,4.53497130649,2
856,5.2104342303,5.54549206939,2.35635729377,5
857,5.46535405002,5.05315547348,8.10629173572,3
858,5.0445926946,6.18632074301,1.88728839366,5
859,5.04375867745,5.86711566039,8.24875724954,3
860,5.07255864581,5.35332140904,7.88789293774,3
861,4.91154814085,5.30554884747,8.10331856264,3
862,7.78277675919,7.99830653981,4.50062471929,2
863,5.1472755741,3.63795875061,8.09146046917,3
864,4.77988018653,5.65269902396,2.31832869913,5
865,7.84662954726,7.98680730804,5.08790439456,2
866,5.04568322203,5.02983556252,6.26771846997,4
867,5.18802929547,6.38019994162,7.41846228688,3
868,4.19262272691,4.5587555674,1.95611081497,5
869,2.06663458278,2.20978321843,3.39386151134,1
870,1.80260125774,2.34770073557,6.75253409024,1
871,4.63034240687,4.36920829336,4.40189924474,4
872,4.98828222476,3.73959519116,2.48526258319,5
873,5.24060966108,5.74222154626,3.6112047672,4
874,5.15787680105,3.51379798743,2.39855943386,5
875,4.77034905354,4.18580837937,4.05882877404,4
876,5.52552322351,5.39543494505,4.16120363204,4
877,2.34063112891,1.91728659715,4.82039921065,1
878,5.50579908004,3.5442621633,7.87705206195,3
879,5.00510271603,4.71563396661,4.76608595103,4
880,5.43739566438,4.76226327208,8.10055032584,3
881,5.2612649333,4.3567850642,1.89025778727,5
882,8.04906105517,7.94410499648,4.59219213581,2
883,5.66865998271,6.7587529099,7.73124650674,3
884,7.65784812889,7.92756715495,5.72360786696,2
885,5.20402001731,3.97913649031,4.75637019511,4
886,4.44779953349,6.72757137389,2.18170549793,5
887,4.78277421213,5.72862307633,5.78391180937,4
888,8.98335303999,7.89063905561,4.58846829385,2
889,2.22160761041,2.18876911545,4.28645946369,1
890,4.75841532636,6.34504036929,2.28005282158,5
891,5.0271494467,5.17679036457,2.10907620544,5
892,4.74242213146,4.19949032243,1.89594798304,5
893,4.05327649649,5.86146526979,2.05940249226,5
894,2.08365301746,2.10959563434,5.48571553892,1
895,4.86439347163,5.31425788744,7.94481160915,3
896,8.06004299512,8.11195666327,4.82381917124,2
897,5.1896501537,3.9011408594,2.11909945478,5
898,5.14166329605,3.88088003508,7.83161543487,3
899,5.26691266855,3.1196136096,2.50639860345,5
900,5.35320836614,3.92339172078,3.6839109131,4
901,5.27492818305,4.39564196357,5.18859745279,4
902,4.46014198239,5.27886952971,1.9047385451,5
903,4.77838302875,6.53224193231,7.49982198291,3
904,2.12453053445,2.09233917855,4.49402514719,1
905,1.62338041668,2.23749416543,5.52708053654,1
906,4.71056600333,4.53331864117,3.35419539203,4
907,1.55665712118,2.32689738849,3.38353519259,1
908,4.50074912167,4.15317376884,2.22945455676,5
909,5.46925031594,4.17013920357,5.73257711738,4
910,8.4606538637,7.54730562616,6.34951927197,2
911,2.13688696521,1.92967724681,4.7787290439,1
912,8.21463994047,7.70319209043,6.86512584712,2
913,5.89322113729,8.24693017362,3.25798101794,5
914,4.91357255348,5.46927225655,4.15502465682,4
915,4.93344256169,5.02344670954,8.35708960908,3
916,5.03806518268,5.28412059161,3.97830106458,4
917,5.11346928134,5.68555578187,2.01959424278,5
918,5.25190755924,4.77236652218,7.63609501862,3
919,5.19442407627,4.25767622449,5.15703464568,4
920,4.97940016843,6.46409974073,2.23206273254,5
921,5.29693297036,3.9709487185,7.92829954189,3
922,5.64456607773,6.68698967406,2.58459106809,5
923,4.35778922576,4.03762037343,4.0939866098,4
924,5.00841221875,6.160204725,7.92827319764,3
925,5.29753388505,5.19824945267,5.54737893934,4
926,4.52101854925,3.31526962678,2.30951481097,5
927,1.81283649421,2.17131335591,3.66336382246,1
928,5.12343583888,3.77529198078,7.77499648641,3
929,5.12343750542,5.3832582993,2.00283771948,5
930,8.01483421502,7.82123962174,4.23657137679,2
931,5.21924292298,5.55703965733,5.96149585653,4
932,4.61136364919,3.89321749739,1.77546696651,5
933,8.10697000317,7.94199872194,6.13197897012,2
934,5.37255975759,5.15015158724,2.01052907024,5
935,1.85507874893,2.79279036982,7.05887129663,1
936,7.94762899721,7.69500198706,6.51795109999,2
937,5.06003761895,5.09862762123,4.09749994165,4
938,5.49071460951,5.72185994018,7.6604602519,3
939,5.38997671695,3.03229927099,7.41895864114,3
940,4.67716460201,5.10914284322,7.99868519594,3
941,1.89241113326,2.0116859759,4.15807425128,1
942,8.38301758041,8.05238028914,5.50135721639,2
943,5.05204950121,5.01591325891,2.08137823017,5
944,4.98542810358,2.12362665543,7.08357634502,3
945,5.03769805472,6.03211554428,2.18317555782,5
946,1.9866335778,2.05183623428,4.08028475991,1
947,7.21964379832,7.84061749202,4.96917726998,2
948,4.56444544678,5.90548270925,4.68735432462,4
949,2.0603727253,2.27891376339,3.96108924848,1
950,4.74823399102,4.9262838098,5.50634197361,4
951,5.3244488983,6.06854024153,5.22791786703,4
952,1.76007391221,1.9867324151,5.53677187854,1
953,4.66580211118,3.72689081266,2.01999314031,5
954,1.56618677405,2.29462906436,6.59625264687,1
955,4.78509913935,7.1928430277,2.62226522951,5
956,4.59006342036,5.37397398678,1.91251799455,5
957,5.61702604896,5.28938794654,5.22439914083,4
958,4.68351992801,5.21742049078,2.21845425907,5
959,5.29393507396,5.88617189447,4.73043226647,4
960,4.44186923723,4.74505878267,4.49957278435,4
961,5.56455032437,5.24595264707,1.68896963061,5
962,4.93508098908,5.27465252795,7.76464207156,3
963,5.04969385318,5.12246681714,5.29979611601,4
964,1.97775499666,2.19471205956,3.91077066577,1
965,4.99511374224,6.4549506735,2.3350768764,5
966,7.63965891579,7.93059939636,5.38068321947,2
967,4.62808613213,4.63607119903,4.53827026504,4
968,1.6558043946,1.84161211692,6.08426730598,1
969,4.51469572256,3.30511618932,2.40320696403,5
970,4.39301881677,5.14711851466,4.48651053556,4
971,4.83233770369,5.23558283019,7.92704991629,3
972,4.29478725762,3.07725236489,7.40938216025,3
973,2.2015541329,1.77017020602,4.45438653034,1
974,1.92241019821,1.89625767303,5.77493006527,1
975,5.19825383661,4.70836897461,4.41768253406,4
976,4.89410772589,6.7022220102,2.60846957741,5
977,5.30110254965,5.50141356181,7.719111585,3
978,5.33270347131,4.02747733685,4.74832257401,4
979,4.82685649076,4.6009494091,2.37378049068,5
980,5.39519030193,3.90952978158,8.06707699583,3
981,1.49966189928,1.87264201146,4.10344290085,1
982,2.06621644588,2.24751771761,3.40591302704,1
983,5.18752142863,5.29377886899,3.65796912628,4
984,8.1946591632,7.76475239948,5.80108019886,2
985,5.09275660689,5.69195174848,5.28726863075,4
986,4.98159331211,4.79830107252,2.15553764639,5
987,7.38193606564,7.87208078101,4.22129645762,2
988,4.9084863184,5.71750117732,5.04788418647,4
989,2.41777027745,5.66565508356,1.01586725395,1
990,5.11735141835,5.1978956153,5.55341350584,4
991,5.23728038352,4.90127301997,5.31028557377,4
992,1.51588940855,2.121063354,5.24741709248,1
993,5.05627940565,4.60647580013,4.66955022838,4
994,4.72597911748,5.59185015441,5.67848046828,4
995,4.75380564861,4.74166624813,7.79531877903,3
996,5.42541593662,3.76466711347,7.80823238035,3
997,5.09620944099,4.74237669774,1.99600144993,5
998,2.09021841705,2.10831265341,5.56303270314,1
999,4.71085475009,4.14176037855,1.78526224947,5
1000,2.12821562656,2.04088447554,5.00236840372,1
1001,2.80565085557,2.45200302209,6.85761585232,1
1002,5.3400321165,6.28248452929,2.23014527516,5
1003,5.13954596223,6.68093211645,2.02095157121,5
1004,7.96201736674,5.79060490744,8.60070496414,2
1005,4.59119684223,5.83797200594,2.22251668003,5
1006,7.86178602851,7.94560958156,4.60100415221,2
1007,5.15986508517,4.65868875492,5.49461750338,4
1008,5.2002626003,3.82558360684,2.2188117573,5
1009,4.69734266731,6.08871512422,7.53726046051,3
1010,5.05432528983,4.7371133536,7.78863189619,3
1011,4.79544468749,5.16172271662,5.1806972405,4
1012,5.29301435185,4.94722927608,4.25101261206,4
1013,5.41308739183,5.32944900007,2.29633560557,5
1014,8.13555403881,7.88420127594,5.59189281338,2
1015,4.48545778873,3.89903939708,7.51942707123,3
1016,5.17923022252,3.0312505176,7.7789236559,3
1017,1.68986772735,1.96789019773,5.47575766444,1
1018,1.97918881208,1.80110780104,5.70080660268,1
1019,5.44885049296,5.24011038577,7.87327808861,3
1020,2.73921354587,1.90021510689,4.70671301384,1
1021,4.92504314219,2.99955035853,7.15249292576,3
1022,4.76321806168,5.68600111411,7.89909787301,3
1023,5.1739166224,5.18288511655,8.29036990039,3
1024,8.18363888939,7.39493349797,2.8786191129,2
1025,4.87917313393,4.4177433777,7.86075662932,3
1026,2.02409642543,2.94430262996,7.67317512205,1
1027,4.42320269726,5.54080129258,5.12341005394,4
1028,1.79230290599,1.95984706484,5.07086482525,1
1029,4.67091839345,5.47383251326,7.85216399006,3
1030,1.82720800037,2.18898309215,5.57364327653,1
1031,4.9004265779,4.5142420637,2.26447081486,5
1032,2.23896979458,2.02986690951,4.52408420629,1
1033,5.39572647476,3.25211718194,7.82604987527,3
1034,1.36082310366,2.09737284232,6.06584877753,1
1035,4.80516902237,5.7714988294,1.97491254131,5
1036,4.80817855513,4.10334945603,8.1558011611,3
1037,1.73432155251,2.12695248463,5.19226188162,1
1038,1.64117375243,1.87332345479,5.2510945251,1
1039,4.36044808115,5.68579947734,4.55102167341,4
1040,4.99844323714,5.77402809279,4.6909830822,4
1041,4.86659844957,4.03512281695,7.54459454458,3
1042,8.53993163671,7.57634529478,3.39243698225,2
1043,5.64824072325,6.54190826333,7.91269014702,3
1044,5.35178288117,2.85156124299,7.54579225219,3
1045,1.57387280363,2.85244745563,2.59862506501,1
1046,4.35602802136,6.94165809709,7.10779785103,3
1047,2.5667874201,2.30963105632,3.07206992772,1
1048,4.83733696658,4.95185228492,2.35046113449,5
1049,1.96687162409,2.07430990112,4.60364721507,1
1050,4.73760213666,5.14617581811,1.90647843398,5
1051,4.75675183411,5.63472254152,8.09654170025,3
1052,4.81907505468,4.18033893841,2.19026420294,5
1053,7.97950876376,7.92795475188,5.47731330654,2
1054,4.82314015992,5.50142405333,2.2446857144,5
1055,5.13088094242,5.52733124312,4.53164351178,4
1056,5.15367439961,5.14120690753,8.00550530684,3
1057,4.9050908073,4.99625729281,2.36132122838,5
1058,4.8476754569,6.25980072295,5.23964770065,4
1059,4.66585801194,4.36437593919,2.03378337627,5
1060,4.4809121055,4.18739585884,2.14493779917,5
1061,5.15204111578,4.681793463,4.88669253043,4
1062,1.94771822898,2.02636771381,4.72415775224,1
1063,1.83760151702,1.88576556378,4.45254164322,1
1064,4.77541378335,5.97711240302,7.92218048854,3
1065,1.70333009466,1.87242198141,4.38440721715,1
1066,8.09670974932,7.93318680673,5.30441570134,2
1067,4.40422196912,6.52558892413,7.63642850368,3
1068,1.55429854953,2.20357734726,5.13670585542,1
1069,5.10634651805,5.69005670297,1.97986741384,5
1070,4.51748324303,6.38437740222,4.88799682248,4
1071,8.41253383461,8.08284676259,4.85388375791,2
1072,7.75961335687,7.93355544238,4.33001759296,2
1073,5.0135317896,4.88954946894,2.04428775373,5
1074,4.71704478657,7.28916707899,7.51702287914,3
1075,5.29484745978,4.70435880486,2.43005238218,5
1076,4.90254892384,4.48102721281,8.16756379726,3
1077,4.51336063328,6.93294821264,2.65961510065,5
1078,4.65937129189,4.94883222721,7.80223171892,3
1079,4.72989052984,5.46019384731,5.06573224404,4
1080,4.78102838251,6.13861945568,4.93766515247,4
1081,7.51931412633,7.95510107195,4.0198451372,2
1082,2.06327081397,2.22247343464,5.73520337826,1
1083,4.85869510487,5.43514310431,5.49356818966,4
1084,1.46879147266,2.1977477519,5.05205777626,1
1085,8.10314963763,7.87163791426,5.59320487561,2
1086,4.82637140853,6.72087235748,7.7204846408,3
1087,8.01853930142,7.87996200494,4.36411118636,2
1088,4.54970103419,5.45885975234,5.39344143541,4
1089,5.50571696873,4.32879194157,5.04836969466,4
1090,1.51864455927,2.04797627613,4.3695515453,1
1091,7.70990109838,8.03116615436,5.20099210587,2
1092,5.04901548852,5.38341603618,1.81768549316,5
1093,4.99684840818,6.17488380262,7.73915803656,3
1094,1.45630433103,2.02259651963,4.5379399502,1
1095,1.32972458143,1.69079158342,4.8910794625,1
1096,8.10565991444,7.00918836516,2.28988175228,2
1097,5.15387180743,3.87882195366,7.89807247253,3
1098,5.25862383526,3.81367305987,8.16679827552,3
1099,4.3307230172,4.50924068106,1.92791192483,5
1100,4.5539813121,2.29458896662,3.13812111082,5
1101,5.19776836642,4.97621615325,1.97405714931,5
1102,7.96512136333,8.01630992266,4.46865198428,2
1103,4.86444254152,5.8109950887,4.03751318858,4
1104,5.08640857349,4.57574317172,7.94645498511,3
1105,4.98819505097,4.27275117601,7.97709717263,3
1106,5.09369234273,4.45192317664,8.09079689005,3
1107,2.13876114313,2.05335298777,6.21610092746,1
1108,5.14286707157,5.42869466917,4.5284979492,4
1109,4.99191542745,6.80798549435,2.40870753428,5
1110,8.26352983441,7.86644060809,4.8673259122,2
1111,4.98164237102,4.8224467735,7.78849186174,3
1112,5.11392289849,5.32407974895,2.10412400163,5
1113,5.5505466518,4.61621186977,1.84478483198,5
1114,5.54066916729,3.98299736915,8.05939480137,3
1115,4.47725925147,6.09238428425,5.01542496528,4
1116,2.29233450275,2.00427914961,4.67850658815,1
1117,5.31192451999,2.78215211896,2.49450191406,5
1118,4.90670198833,5.16801449428,1.80107550002,5
1119,7.61928205857,7.76985705691,4.21465759389,2
1120,7.33550885835,7.92243290362,4.73746759745,2
1121,4.91207475536,2.82762962397,4.95554925238,4
1122,1.85864919851,1.86171117903,4.60374366645,1
1123,4.46420304557,5.95901215993,2.21881112588,5
1124,7.89221135817,7.95953058744,4.141854195,2
1125,2.43266923694,2.16363703762,4.4532567176,1
1126,4.55826855267,5.31812625017,4.90081630621,4
1127,8.29881782464,7.97203385242,4.87256680856,2
1128,1.9806634135,2.26337372781,4.91573612826,1
1129,5.21658558916,8.25662112099,3.59545827457,5
1130,8.02762000208,8.05283286853,5.75092686885,2
1131,4.88816957566,4.57478331876,4.58123121493,4
1132,4.35005805768,4.78096192012,1.86472466329,5
1133,1.51082551266,2.25406071648,6.47709976332,1
1134,7.99946870579,8.13181747407,5.33203715297,2
1135,2.00552344766,2.29572459026,4.79602366047,1
1136,1.78802680112,2.41594236752,3.39111396106,1
1137,5.34738166201,5.78136468296,1.85240219949,5
1138,4.45870786681,5.17896157585,4.35885369332,4
1139,8.10092433064,7.7989101414,3.98660385768,2
1140,5.05550273081,4.42030361306,1.95579249622,5
1141,5.16211898898,3.75420242243,7.83028452404,3
1142,4.88875833288,4.86698854493,4.13233410317,4
1143,8.24104083073,8.25750785297,5.13272724435,2
1144,5.26723539307,3.75327830203,1.89091590246,5
1145,7.91309051402,7.99823708993,4.28999442082,2
1146,4.64668531639,4.88416864905,8.27471146388,3
1147,4.95372035195,6.34782997377,7.64335410458,3
1148,7.37418667809,8.14477722885,4.2612804902,2
1149,7.95964024021,8.01685630664,5.71341590451,2
1150,1.78790182255,2.04398411176,5.24079760625,1
1151,1.49640944783,2.20602609227,6.13592011775,1
1152,5.55882186985,5.324287881,5.70944573022,4
1153,7.96174278091,7.95002377398,5.00589408227,2
1154,4.9329995578,5.27590292575,1.5809468425,5
1155,4.6431623485,5.01040902498,7.71843616675,3
1156,2.33385814828,1.91380588018,4.11869139209,1
1157,5.37000255949,4.93774017685,5.24786249711,4
1158,2.00915305407,2.30008760887,4.8578638291,1
1159,4.77390759773,4.92460033882,4.46219589422,4
1160,4.85811658249,5.23243296991,7.9777229176,3
1161,4.67266805317,4.81834043376,4.94348972857,4
1162,4.70427425616,4.45113651088,5.22790396704,4
1163,4.61463468527,6.56772447348,2.73716109134,5
1164,8.07148694458,8.0577461045,4.86328509655,2
1165,8.25681672435,8.05753046895,4.70732573716,2
1166,8.14924855272,7.95621363658,5.60202143188,2
1167,5.06140900912,5.00958100375,2.19623229618,5
1168,5.22952064897,5.88767515261,4.75421546448,4
1169,5.32113928319,4.94363703139,5.22504833238,4
1170,4.72909925469,5.52956031796,5.36919006669,4
1171,5.47733339085,4.9374418441,5.12331041716,4
1172,4.97401093871,4.8355225181,5.67766877648,4
1173,5.35178075766,5.89625178724,7.9125746848,3
1174,1.88838371324,1.88868829697,5.36566844923,1
1175,5.44393679602,6.78967653979,7.41609096592,3
1176,1.93663987874,2.12527317014,5.61847899028,1
1177,8.2082360757,7.58675243793,6.87629544953,2
1178,5.26397895994,5.21139139165,4.22942885178,4
1179,5.101926,5.01610252834,2.1253335959,5
1180,2.17890216068,2.21878622787,4.9602952307,1
1181,4.61904064544,5.53366251079,4.84175980981,4
1182,4.7877353779,3.91847756802,7.74236049435,3
1183,5.17416015412,4.79741406892,2.02966562188,5
1184,5.29581824068,4.39194933686,4.92186663893,4
1185,5.05523420882,6.24997476329,8.19675745635,3
1186,4.8776785721,5.69153240562,7.94993691798,3
1187,5.63134036097,6.34864013358,5.56445713985,4
1188,1.9230763551,2.25714891682,6.49484738115,1
1189,4.92071112855,5.97025931434,8.05249225989,3
1190,4.73508525441,5.15427077999,8.15319607216,3
1191,7.81637077954,7.95979239841,5.28375901504,2
1192,4.91354740851,5.15107279851,4.26995157374,4
1193,5.20748737997,4.58269956998,4.57085099551,4
1194,4.77306644613,4.75779967599,4.74867911442,4
1195,7.94779457544,7.97295335185,4.94320952546,2
1196,5.16379641424,5.47759485184,5.76040268618,4
1197,7.93370037411,7.72207399703,5.51131262487,2
1198,4.80901834869,3.97729619657,7.64816298838,3
1199,1.28032676219,2.37850903403,3.88374760342,1
1200,4.7404324632,4.6722009986,8.11440696668,3
1201,7.94132897474,7.354113175,2.85331174162,2
1202,1.59304074095,3.24602214527,7.73310093751,1
1203,4.74244206772,5.09400281311,4.94945627249,4
1204,4.84118890061,3.79698590381,1.92157159028,5
1205,1.42587024685,1.8907847233,5.39444301745,1
1206,7.84328148428,7.86167100965,5.10356722793,2
1207,7.98087211468,8.09545306095,4.31511685558,2
1208,8.15785054973,7.88485537802,5.0577448606,2
1209,5.08260311908,5.46638342964,1.94179620498,5
1210,5.20484185336,5.90866751867,8.00693353503,3
1211,1.71439603537,2.05221498001,3.72872655298,1
1212,5.15639499802,5.99173287818,8.19748766055,3
1213,8.12449025937,7.77634054035,3.83052473864,2
1214,4.82395986262,5.19586731847,3.91210005245,4
1215,4.45455709091,6.07391744732,7.45597627199,3
1216,5.01563448347,6.24431091563,5.6977038673,4
1217,5.34867619428,5.19137570083,2.26311822505,5
1218,4.88374495545,5.73631420917,7.80404719937,3
1219,8.01590559117,7.7781904688,6.4478848752,2
1220,4.46394538961,4.38109549273,8.19820996867,3
1221,5.15071923737,4.26116178135,1.83476742611,5
1222,4.89733251114,4.66659148229,4.99509418727,4
1223,4.49311552558,3.99133676931,8.03272930251,3
1224,4.81661299453,5.34111244199,7.82385723902,3
1225,1.97917945817,1.89774442592,4.11846164424,1
1226,1.73473457692,2.33840755566,3.58122129018,1
1227,7.94202882285,7.81100482958,4.37504757771,2
1228,5.47598366894,4.15714314129,5.45488195301,4
1229,2.00749146656,2.79909636429,2.65549806869,1
1230,5.51911937097,6.20122910961,2.21692521308,5
1231,2.24022322317,1.94397845093,5.17432750594,1
1232,7.72836437435,8.09912091906,4.73074719605,2
1233,8.17743011644,7.37498781298,2.77859552778,2
1234,5.48645644593,3.96722719912,7.98784395984,3
1235,4.71990018114,5.68802853202,5.40358688981,4
1236,2.48660304582,2.10855299865,4.28314203781,1
1237,8.25889876394,7.93165205823,5.09757594358,2
1238,2.10845644095,2.16222575606,6.23896062029,1
1239,1.99318279862,2.4540075816,6.6440398437,1
1240,1.80027503724,1.88163164112,5.18442480136,1
1241,5.06166982198,4.95106646046,4.86465523374,4
1242,5.08436741194,5.33799059504,4.07707315485,4
1243,5.5719264131,4.59593830142,8.0529665509,3
1244,7.81564970367,8.03287223865,4.69903830989,2
1245,4.56626191073,5.46524084856,7.47860332765,3
1246,2.31079428654,2.001018926,5.19185729561,1
1247,5.84744415166,5.20847982439,8.23508182591,3
1248,5.23917254415,4.54495191045,2.02118991396,5
1249,4.97333633356,4.92332952046,8.18651238508,3
1250,2.05203754399,2.24228974566,5.24655164803,1
1251,5.20345193444,5.87927911145,8.04611450597,3
1252,5.26672513815,3.57722221143,7.93383397272,3
1253,4.54063242073,5.12430296932,2.21219781991,5
1254,5.4271682383,3.65766599382,2.32481891399,5
1255,1.96161165335,1.87842127783,5.68774235012,1
1256,4.70323148623,4.94398474078,2.13410973369,5
1257,5.66940802867,6.06757943662,7.9373241858,3
1258,8.42223566242,7.95275701181,3.85445117009,2
1259,8.14544249086,7.89181424026,4.62520297733,2
1260,5.50832917607,6.73177909024,2.52554900107,5
1261,7.93495825067,8.03001267013,4.25593206596,2
1262,4.30649654473,7.38431219247,3.02945048073,5
1263,4.8041807364,4.85380558658,4.98832515527,4
1264,4.8416972837,5.00984106499,2.12249989434,5
1265,4.96189283947,4.71945965674,7.83510614784,3
1266,8.04380298594,7.85205282222,5.53700091553,2
1267,5.01052066218,7.23079300983,2.98789056963,5
1268,7.90681164809,7.88952281931,4.43875461584,2
1269,4.60203745224,6.4090938056,8.00768326827,3
1270,5.33118389731,4.98095836828,2.24646011473,5
1271,5.02087388732,3.88052203549,7.78632586695,3
1272,1.67657055622,2.22524644612,4.18267987608,1
1273,2.21205266035,2.03759292191,5.36292479611,1
1274,2.37683450789,2.08438800109,5.89928621327,1
1275,4.70162233246,4.97067075564,1.62615352006,5
1276,4.67546130629,6.96126579666,2.71636285466,5
1277,7.73545987554,7.94013366136,4.89959556634,2
1278,5.45467428961,5.16649516317,2.33389128024,5
1279,4.74882587448,3.08331269027,2.37593680717,5
1280,5.2595590179,2.92751779489,2.2112066802,5
1281,1.85062005102,2.38787616723,3.22664570213,1
1282,5.77566453848,4.65936310345,4.18753571328,4
1283,5.41935388883,5.23863928956,2.32086267359,5
1284,5.19422417065,7.24559383283,3.02414712891,5
1285,4.85302246591,5.20921430956,7.76184176844,3
1286,5.51929437289,4.34760486763,8.16540871094,3
1287,5.20493940931,4.74351424423,7.82196534538,3
1288,5.28885474675,5.61623624566,2.42160105621,5
1289,4.45448916054,5.31063003775,4.26236505193,4
1290,1.83419036562,2.32170481562,6.3157163176,1
1291,8.17788332883,7.73643960344,3.66299975395,2
1292,4.67279769314,4.27079396684,1.91592800666,5
1293,4.78026230116,4.06376837872,2.0952079199,5
1294,4.98635850709,3.83184308752,4.62846622028,4
1295,5.10292026994,4.1510989239,5.16489931753,4
1296,5.22416492109,5.38236586991,4.74670425326,4
1297,4.96399324829,5.95149117018,1.91247625836,5
1298,5.02458114011,4.37664523732,1.8675111863,5
1299,7.74405234329,7.82216439032,5.8361070055,2
1300,1.92773391356,1.91761239647,5.253276498,1
1301,5.43731170974,5.77457648313,4.05935482833,4
1302,8.25391675047,8.05512667326,4.35452947755,2
1303,5.33282372861,5.63909983941,8.3476921078,3
1304,4.76225759099,2.02708540561,3.28953199022,5
1305,5.58095733494,5.75441733046,1.78904308562,5
1306,2.11133712129,2.24745158572,3.90334631304,1
1307,7.87238474784,7.83269835763,5.35054292458,2
1308,4.75039209004,4.33125708431,6.17412414886,4
1309,2.06370454717,2.24260962554,3.84080149354,1
1310,4.61156741764,4.86635691701,7.98903802638,3
1311,2.06062095795,2.00411040878,5.00740187169,1
1312,5.31404080939,5.55492023233,7.97685129272,3
1313,5.35147871741,6.05079314352,1.87049445855,5
1314,1.59837066353,1.99218979109,5.3978400937,1
1315,4.83901168521,5.60949356314,4.29082030726,4
1316,4.79022682348,5.89244645396,7.95074564962,3
1317,5.20089479315,6.19967745286,7.32872003231,3
1318,5.23207476978,5.7309949161,4.91663469374,4
1319,1.99196031584,1.92301481883,4.53311194095,1
1320,4.62160738404,5.45245989848,4.594769444,4
1321,4.88800754819,5.92815129922,2.08034121478,5
1322,8.06697222625,7.58351292464,3.33159585614,2
1323,4.91252085078,4.44776001959,1.9068105032,5
1324,5.74591382315,6.02155978768,2.26537352408,5
1325,4.68994310288,4.71019007189,5.31411705319,4
1326,1.75067332181,2.25618560423,4.4364631094,1
1327,2.46166960605,2.91148736623,7.35657544181,1
1328,2.15826658945,2.13395649852,4.69167559816,1
1329,8.24505915364,8.02346111675,4.86883107102,2
1330,8.01038850967,7.59983997065,5.74545096587,2
1331,8.49484912968,7.88546999902,3.76927156156,2
1332,8.34511420874,7.90018222579,3.84659268066,2
1333,1.69582540213,2.10970631183,4.65579451406,1
1334,4.95837724026,6.64483722463,7.84007159517,3
1335,5.15538402212,4.89737754364,6.1619363644,4
1336,2.63620030729,2.2446002463,6.25473361873,1
1337,8.12211981161,8.04767534047,5.22482895383,2
1338,1.63866826009,2.73666691912,7.27028386578,1
1339,4.97396704473,4.13227239565,5.49953817746,4
1340,4.99128343774,5.89535839887,4.41238835532,4
1341,1.39989120748,2.61350261463,6.80376327805,1
1342,4.72727630193,4.90313048854,8.25731322808,3
1343,4.92718532909,6.50974664554,2.71892358987,5
1344,1.58259013143,1.951449591,4.26969593885,1
1345,5.3629121471,4.98592510585,5.65345410743,4
1346,5.23820687283,5.05463303742,3.97890332296,4
1347,8.2218867352,7.93118997495,6.11192309959,2
1348,5.41632596749,4.27401027258,2.12894989321,5
1349,5.00713289945,5.18319099292,8.21627501567,3
1350,8.07743365698,7.82132842639,3.54324565415,2
1351,5.39185312931,4.79109358698,8.14323385833,3
1352,5.01743319905,5.62572332216,8.18861585623,3
1353,4.24261088943,5.72760141584,2.31542684484,5
1354,8.03350031522,8.01924456931,4.29339888664,2
1355,5.01834361299,3.26582017644,7.70099176035,3
1356,5.7117635695,4.77559355066,5.5731193176,4
1357,5.14138388973,4.83277827907,3.66603506814,4
1358,8.18914482576,7.99585142274,4.50050192197,2
1359,5.19569136713,4.70526001657,5.32327694937,4
1360,5.62610338515,5.51882413892,5.42390648442,4
1361,7.94595866185,8.06898018306,5.54225894914,2
1362,2.08590668296,2.51570549485,3.06045888922,1
1363,5.43357560985,5.13400708655,2.02975642751,5
1364,4.41590055816,5.32645020568,2.13681662027,5
1365,2.19502165399,2.22481421862,5.83146747692,1
1366,2.141503616,2.53794019932,2.86620632353,1
1367,1.37085119176,2.13806287245,5.33051069814,1
1368,7.83277801473,7.87289132609,6.3177370944,2
1369,2.19883637495,2.03436185894,5.25265945513,1
1370,4.56140836641,5.2788427133,4.9357197562,4
1371,7.40945096386,7.80938875729,3.75425342246,2
1372,5.10101372298,5.169490701,5.51435304278,4
1373,5.23971559587,5.90241907272,5.27248624991,4
1374,8.17434969793,7.68855333018,3.0433032915,2
1375,1.44843758299,2.00823780237,5.05855807105,1
1376,2.46516996216,2.24612600469,3.93473383729,1
1377,4.92870994638,4.44998791989,5.84797461025,4
1378,5.32265468512,5.44666329036,2.12466547316,5
1379,5.15044179138,4.59385690241,2.01759390381,5
1380,7.99516610249,7.77046069074,5.24722399933,2
1381,1.81679766312,1.9722842315,5.79609716296,1
1382,1.3438344688,2.0352472141,5.04040791363,1
1383,5.31622919697,6.21286034932,7.78561252084,3
1384,5.03491063028,4.81790752271,2.15192654746,5
1385,5.32167965005,4.70582166031,4.2242970482,4
1386,4.45613565615,3.41131829886,2.13666463918,5
1387,4.53169084981,5.52299142496,8.01464313935,3
1388,5.40731727504,6.18575956292,2.21976851117,5
1389,2.16554775518,1.94726357106,5.7873510919,1
1390,8.08899691969,7.86680560014,4.95075407782,2
1391,1.46146007494,2.08552806605,5.4877508295,1
1392,1.750974735,2.06280701688,5.68940301656,1
1393,2.07177185759,2.52629333235,7.24483666304,1
1394,4.59683691703,4.87623927065,3.90703216181,4
1395,2.04897430966,2.26201464556,3.29643955188,1
1396,8.49280449215,7.88214994909,3.59802241412,2
1397,4.87086240618,6.11497577523,2.46867347166,5
1398,2.22487348544,2.0128752953,5.58925584582,1
1399,4.69034897355,5.57916158408,5.06846822843,4
1400,8.31808182229,7.97683361355,5.86990291835,2
1401,7.89144241422,7.70643022815,6.16858303841,2
1402,1.75276804503,2.06068176611,4.57138536931,1
1403,2.01156762499,2.20654603177,6.19886646478,1
1404,4.62827464886,4.69641020976,5.13840429956,4
1405,7.78876186405,7.84106199033,4.08155523083,2
1406,5.26085408179,5.68198189548,7.96414738598,3
1407,8.38298859817,7.9482721112,5.46243402479,2
1408,5.13373909076,3.37595219695,2.35928350812,5
1409,5.2333454514,5.65176302671,5.61206704819,4
1410,2.13402197074,3.03872517063,2.16926840008,1
1411,4.73462497328,5.37864109813,6.2241688998,4
1412,4.18307220528,3.8503568974,7.62310412701,3
1413,4.53804524036,5.85213350398,7.86811473409,3
1414,5.14952817651,6.22570946134,5.90944309918,4
1415,5.81080562974,5.9366211278,7.59633972643,3
1416,1.5764410135,2.05947341689,5.089554238,1
1417,7.36132991353,7.84774368982,5.4305396409,2
1418,4.93662830726,6.05323577122,2.02450108028,5
1419,5.38167989541,3.11335439676,7.33927217156,3
1420,4.48652647042,4.94352784739,4.70900492617,4
1421,8.08373013446,7.72694694095,3.82117604124,2
1422,4.8466422635,4.1417108055,1.84382087562,5
1423,8.16377763072,7.44009733469,7.41725460126,2
1424,7.71275434109,7.03168545542,7.40058865318,2
1425,5.54705904958,5.23024070267,7.57352022784,3
1426,4.99378554,6.31647070411,2.20671900063,5
1427,2.07904784556,1.9555958783,4.68062005157,1
1428,5.26652939865,5.20671560128,1.78451139091,5
1429,2.22216968258,1.90234678025,4.57535863414,1
1430,8.29000856589,7.93833379881,4.63303597576,2
1431,5.11007867275,4.81420452771,4.68551030404,4
1432,4.8503692338,5.22864772683,2.15284999067,5
1433,5.01365404151,7.33846105043,2.72453611783,5
1434,2.47046575027,2.21614367686,5.28920237115,1
1435,4.85151356371,6.14589298817,7.76004489102,3
1436,5.01217937483,5.54304290627,8.11280365742,3
1437,7.66988125301,8.32380725324,4.8688735447,2
1438,4.90998441602,5.08894183967,5.52293296297,4
1439,5.14217655872,6.45286438962,7.70138285228,3
1440,7.98573539838,8.0456736674,5.13354214013,2
1441,4.88355224533,4.64033776963,7.87986901259,3
1442,4.80496357206,3.87498391438,7.88748979111,3
1443,5.19902518152,6.34937310183,4.40662403465,4
1444,4.64865427277,5.06699765729,5.08200792863,4
1445,5.40326848342,5.38467618619,8.27299031814,3
1446,4.72625942189,5.93570432176,4.10714173869,4
1447,7.92962277273,7.96930683065,5.70291410046,2
1448,4.45463486768,5.29336802857,8.05107264602,3
1449,5.09050198116,4.21897199269,8.05189030177,3
1450,2.11485701132,1.93212734685,3.78634787215,1
1451,7.83705249776,8.10808831069,5.54909050985,2
1452,5.43528501452,6.99940670844,7.86396034765,3
1453,1.88073487968,2.01627713452,5.3608337997,1
1454,5.15629555273,4.59808089929,4.97894603306,4
1455,5.21186927538,4.44689336382,7.93069589439,3
1456,5.54279650499,2.9684443212,2.58084714574,5
1457,4.87986117961,5.33144863459,8.15791747778,3
1458,1.88745821064,1.98405740209,4.03149181603,1
1459,2.007209487,1.7624925458,5.02018622627,1
1460,5.89230637907,4.74343244911,4.21478201407,4
1461,2.14494034678,2.14707846811,5.72773330919,1
1462,8.12493623301,7.84083471874,3.9757575628,2
1463,5.00166060975,4.68119082499,6.22772093057,4
1464,2.10075523078,2.21556047933,4.62106554267,1
1465,5.14526271879,3.84422742634,7.91681595463,3
1466,4.9889001628,6.2993377039,7.5984704734,3
1467,1.92395274463,2.16107730823,4.21262227471,1
1468,5.02760611385,6.4282910317,2.33047288731,5
1469,8.28810309163,8.02849801353,5.07664387602,2
1470,1.96614043868,1.97232385406,4.77095806775,1
1471,5.435620941,5.39253250951,5.2501009771,4
1472,1.78437019808,2.27099557272,5.62148985628,1
1473,4.64239673856,5.20151265507,7.79003359963,3
1474,4.68793011978,3.60010424835,2.28605197757,5
1475,2.30203860052,1.83523123932,4.86775683221,1
1476,5.23541884052,5.32764494198,1.93674485375,5
1477,4.45809976754,3.32845026702,8.09252317071,3
1478,5.1648701955,4.85116655259,1.9645545358,5
1479,7.87037542312,7.82866225275,6.34453421882,2
1480,1.80466400665,1.91308078523,4.72224451931,1
1481,5.09637624739,5.48068193297,7.99258052652,3
1482,4.45554911466,4.98560706279,2.02099733763,5
1483,4.84100705778,4.34645860986,4.34916862217,4
1484,2.40236665318,1.79503432824,4.9835066376,1
1485,8.19124340722,8.12385970273,3.91829568692,2
1486,7.90635380827,7.95017382734,5.16182596423,2
1487,2.34961729538,1.88066899277,4.36014652003,1
1488,1.76097539279,2.38020194135,3.05484022061,1
1489,8.13250926522,7.43681163035,2.712398894,2
1490,4.96395838918,4.82318339762,1.95476197125,5
1491,5.10471998744,4.51466695399,5.47780984153,4
1492,7.71761593803,8.13830655173,6.03173653193,2
1493,5.68694485223,6.19774870272,2.30096063344,5
1494,5.29940626495,6.34334089381,7.5734619933,3
1495,7.8243341677,7.90909419513,5.53051268519,2
1496,7.90970403218,7.89176138174,5.95572109355,2
1497,1.8945372683,2.65546920438,2.62572038232,1
1498,4.83969552272,6.00080691058,4.92926809295,4
1499,5.18446910551,5.19335014686,1.56764775436,5
1500,7.88537036015,7.54362738574,6.67678066887,2
1501,8.16289536724,8.27256706652,5.85297125178,2
1502,5.33702974973,4.47516874166,4.7508888548,4
1503,5.22273804761,3.80267207307,5.06158269984,4
1504,1.33281000203,1.93213422023,4.7714673926,1
1505,4.71602097619,4.93145696298,4.05988553719,4
1506,4.57876390251,6.13540474586,7.77954891073,3
1507,5.21641141707,5.28074669369,5.33643976029,4
1508,8.21199723699,7.52916347599,6.4002298768,2
1509,5.63463802318,5.47847547421,7.92824331479,3
1510,2.22403918858,2.33534631527,3.35586229041,1
1511,5.03261566373,3.94575778653,8.05962416878,3
1512,7.43597780113,7.96026532995,4.37125634889,2
1513,5.07646791599,4.98116517433,5.19874188881,4
1514,5.12723287384,5.84147356953,5.77059793544,4
1515,2.6712218811,2.06029333631,4.32466573878,1
1516,4.78167558216,4.44939414216,8.02836488339,3
1517,8.12160194345,7.53794507449,6.54427399114,2
1518,5.24397630018,3.46379467564,2.29534976092,5
1519,4.99379202945,5.82864329041,1.69829483067,5
1520,1.71434890944,2.69900209234,2.97587809716,1
1521,7.73666781128,8.33791733542,5.27057148766,2
1522,4.73345049564,5.13614401215,1.90233675867,5
1523,5.40002041756,5.10939570519,7.5670103009,3
1524,2.0391622842,2.04106814177,5.03305126704,1
1525,4.73213982398,4.74418163527,2.25301996065,5
1526,7.77744604049,8.0571206088,5.41510768435,2
1527,5.63237462018,4.91829451812,5.29776663923,4
1528,8.35564414619,7.57226629936,6.13076572442,2
1529,1.77923223259,2.23526469313,4.43956519011,1
1530,4.91795252384,4.3594184206,8.1505157745,3
1531,8.22488963715,7.96118483521,4.30940828866,2
1532,4.78954204299,4.62466809768,4.56543734027,4
1533,1.90544274567,2.13422225173,4.46409947238,1
1534,4.67912283407,6.02731883838,5.261325676,4
1535,4.70970437321,6.10131801748,7.61811342114,3
1536,4.89814282651,6.80354239429,5.63676326392,4
1537,8.19423550926,7.85082449751,5.95402873374,2
1538,5.3927853101,3.44843444675,7.91655018607,3
1539,7.92031892568,8.03052534462,4.37244933201,2
1540,7.8297244034,7.97197740434,4.64071668081,2
1541,5.43758559486,4.47576395264,1.82901270576,5
1542,4.97947610679,4.89306301077,7.70130590167,3
1543,2.2114375715,3.05527874901,7.67088697504,1
1544,4.99770710881,4.09906313906,4.99943115762,4
1545,7.64373522096,7.92268838994,5.64630483964,2
1546,1.98691242703,2.40635621745,3.50410585075,1
1547,1.8011082383,2.18463699063,3.9267824219,1
1548,5.12119489459,5.25019559346,2.32191808286,5
1549,5.18224863809,6.71394799904,7.43088321162,3
1550,4.86837216608,4.87516773623,4.8609222839,4
1551,4.90948371308,5.94241393292,7.89365542396,3
1552,7.74928935418,7.64603608,6.7493734613,2
1553,5.07741495205,5.42390214994,2.0696841603,5
1554,7.98053412593,7.89924146786,4.96215172612,2
1555,8.13573647644,7.97318556697,4.00910531607,2
1556,8.28830943707,8.09924453107,4.25937587966,2
1557,1.94665265661,2.2890197647,6.1740628017,1
1558,4.65449358468,6.61053046151,7.43870279902,3
1559,1.95919654132,2.01939564485,5.33436901387,1
1560,5.3825398702,5.15687294225,4.78987000535,4
1561,4.78076635182,7.06409042621,7.35953562662,3
1562,5.37479376815,4.36529538342,2.48993222092,5
1563,8.43438742767,7.9290992424,3.86653514384,2
1564,4.97488002537,5.23881046591,5.74548686951,4
1565,5.43611368629,6.13167961198,1.86785840447,5
1566,8.01301412102,7.85814413567,4.53193894827,2
1567,2.21179670579,1.92295116086,5.18190660216,1
1568,2.59878817456,2.19592047875,5.91245798604,1
1569,4.82392996928,6.2470258495,2.2573522126,5
1570,4.50674871315,4.76710684355,1.70045899822,5
1571,5.23051678575,4.49750978123,7.80115693527,3
1572,4.99780903477,6.37848381941,7.83713180086,3
1573,7.89886508981,7.59494822842,6.32905956222,2
1574,4.64917713789,3.35138134568,2.30986656687,5
1575,8.1628503045,7.96271107725,4.5535175319,2
1576,4.93898197896,4.28636092214,8.01160886963,3
1577,4.850161754,2.96921035448,2.74607218911,5
1578,4.43072697846,5.81238118113,1.63771971597,5
1579,5.21660135696,6.14574686088,1.94402183017,5
1580,4.80966720576,6.44546821133,2.22104683922,5
1581,1.81365150302,1.86253122525,5.12093131437,1
1582,4.88647255968,5.90784402649,8.04715216499,3
1583,5.19331513606,6.48339502277,7.56207147378,3
1584,1.8773396034,2.7320423268,2.67603454522,1
1585,4.34608327897,3.95755813025,4.76960738655,4
1586,4.42443603144,4.91281766364,3.48112749225,4
1587,8.49973005212,7.66506078069,3.59106326025,2
1588,5.23271656513,5.56616030078,1.79082423938,5
1589,5.58828375185,3.7051978054,1.9614881142,5
1590,1.97620029127,2.33424165163,3.30634994949,1
1591,5.54540389855,4.42736427189,3.95612693729,4
1592,7.79330413005,7.34536486707,7.35221259237,2
1593,4.84405032261,5.15479663208,7.66910609025,3
1594,4.85878819231,7.25852615877,2.64937048411,5
1595,4.99856388621,4.50179618234,6.6188982866,4
1596,8.14176686103,7.97786851761,5.75670184116,2
1597,1.98117433979,1.96508574385,5.50144913641,1
1598,5.3615734434,5.87191592071,7.82944748237,3
1599,4.98753883631,5.46240972577,1.86867498244,5
1600,5.47786272873,4.6839995101,2.2858974844,5
1601,1.92833257606,2.50284508884,7.16024086591,1
1602,4.88107662394,4.98439300065,7.84001104022,3
1603,4.90986924174,5.91738627389,7.77259994413,3
1604,5.11144174629,5.22434969932,7.74857599845,3
1605,4.38395658483,5.30935331357,4.83977371915,4
1606,8.3952341791,7.8648974411,4.80679664349,2
1607,5.37067541284,5.05122057072,5.20928893848,4
1608,8.24954715823,7.74270929927,4.95294689923,2
1609,4.88838342463,5.1959784802,4.50350139271,4
1610,2.21617419343,2.09103963394,4.44254091159,1
1611,7.96618757784,7.89632404063,3.79269892727,2
1612,1.63535989381,2.28013888406,5.61774096172,1
1613,4.95478809435,6.0510550985,1.94899557655,5
1614,5.19348336882,5.16243191332,2.32853928572,5
1615,1.84497122123,2.61763269973,3.07491161367,1
1616,5.03350059766,4.75973252719,8.07946822897,3
1617,5.01870543206,4.55760277043,4.74391716112,4
1618,2.37790993332,1.96231910617,5.11412862862,1
1619,4.96179795863,4.58480972964,6.11134472128,4
1620,5.21854682833,4.24075790274,1.82960189215,5
1621,8.04028248209,8.05367228,4.60533472504,2
1622,8.28124868759,8.06385367209,5.78925058251,2
1623,5.00421628152,5.80256760307,8.22009394981,3
1624,2.06927608301,2.14261820279,5.29324535481,1
1625,2.58514716305,1.95456873927,4.88299598234,1
1626,5.25255551696,3.98390079406,2.13560678697,5
1627,2.55943872121,2.06953305439,4.49817191956,1
1628,7.81237306167,8.07594135554,5.86651217481,2
1629,1.87549064045,1.91198388306,4.85460255066,1
1630,7.77083532474,7.99730451283,4.76050771862,2
1631,7.8297965643,7.92712989403,5.93088935681,2
1632,5.32410082108,4.42858099083,1.93804278802,5
1633,2.38275693503,2.61481708677,3.059820976,1
1634,4.83721389636,2.33897976719,7.22069641137,3
1635,2.07575425714,2.09400495083,5.75873104098,1
1636,1.88610849218,2.3029973254,6.67545214436,1
1637,5.33922767756,5.53142662232,1.8515928763,5
1638,4.47157167291,5.73163388896,4.69816864275,4
1639,7.92911469504,8.14074745366,5.32590179775,2
1640,5.36785479991,4.6706510204,2.02757384751,5
1641,4.87532806311,5.02939125295,7.86552468681,3
1642,4.75318017424,4.17836274473,3.89953862212,4
1643,1.77212983463,2.14076668483,4.65044455352,1
1644,2.13105585778,2.1485582431,4.66292142392,1
1645,5.36102585013,4.26781336574,5.5821014351,4
1646,5.05283894417,4.94966509593,2.01048502809,5
1647,8.30763374747,8.07630750834,5.54865663755,2
1648,5.55950747505,3.88540077441,2.24052043914,5
1649,5.23371266558,5.18051507265,8.03290412298,3
1650,5.05859151917,5.42858286235,7.89639565913,3
1651,5.09828776014,6.48034597115,7.82879599026,3
1652,5.20379889681,4.94760993832,7.97155131568,3
1653,5.12322308829,4.12548910155,7.79583363021,3
1654,4.49228361922,4.7566117847,4.42242477802,4
1655,4.53055476355,4.76741913015,2.33682141756,5
1656,4.80640925697,6.3297860708,2.09007669644,5
1657,5.02713216615,4.24600632328,2.19874403721,5
1658,4.96882532671,5.72625615206,3.91822616497,4
1659,1.78638135198,2.15094576754,5.83761384768,1
1660,8.284176341,7.50006190883,7.47883616717,2
1661,5.04788680099,5.20982513218,1.98689511318,5
1662,8.54774228302,7.84188719873,5.45306255273,2
1663,5.69938151916,3.92035704099,2.18131982583,5
1664,2.16974594978,1.91229602615,5.37364464571,1
1665,5.13637451786,4.56608383571,7.84350835651,3
1666,5.21031977737,5.09408509692,5.67921387249,4
1667,4.30697461397,3.84110746723,7.67791855175,3
1668,4.58399747017,4.12255254172,8.05630941899,3
1669,5.11050334626,4.2119263989,1.96558200796,5
1670,5.24498199345,5.55414354988,1.86435486279,5
1671,5.1666826371,5.8219750266,4.3949643872,4
1672,8.25262311602,7.87252197029,4.91399794789,2
1673,8.11164625179,7.71594955111,3.55476352428,2
1674,4.67984762586,5.72023475823,8.46483572948,3
1675,8.45522713487,8.02579891408,5.34203113514,2
1676,5.02906667284,3.21674217468,2.23480315627,5
1677,5.38316613928,4.3599601815,8.34938594879,3
1678,5.21648460074,5.10720367784,5.12317771364,4
1679,4.72292237045,5.56695133118,2.29419828186,5
1680,5.08889958626,5.33863917701,8.10978490079,3
1681,4.68809453913,5.66064434871,4.48261109857,4
1682,1.9420959954,2.70403668632,2.96850180219,1
1683,5.23612715358,5.68616007776,7.60436387172,3
1684,7.32186488149,7.86180849229,6.47772496321,2
1685,5.00330757138,5.5641191827,4.95458684349,4
1686,5.26912214688,5.92027268438,4.52788574019,4
1687,5.07872270712,5.98585366505,3.09226947519,4
1688,1.59487799213,2.36541738526,6.36911575078,1
1689,8.44388513843,7.00337292784,2.61688601708,2
1690,5.26445109696,4.49688103333,5.21029519372,4
1691,7.86521160703,8.04529903997,4.74543338836,2
1692,4.91114266612,5.54511481599,5.48282069957,4
1693,4.99268756223,5.72808800711,5.33137305335,4
1694,5.03344604974,4.81337805681,8.00559162457,3
1695,1.71326440149,2.15649015173,4.13183651628,1
1696,8.5288929561,7.83782681406,3.42577905799,2
1697,8.66260611904,8.08069341463,5.73160778972,2
1698,4.59215231212,5.13940423879,8.28654446352,3
1699,5.06228462261,6.03920967693,7.80104254243,3
1700,5.1907906063,3.63457930513,7.79546922254,3
1701,5.2546125563,5.97450945958,8.13745596989,3
1702,4.93544923282,4.84504181544,2.28105517519,5
1703,4.48908261497,3.27246105696,2.25370373167,5
1704,4.81359966059,3.61958914643,7.46060841826,3
1705,7.98650298755,7.62013674198,6.80795216088,2
1706,4.94420348833,6.34202163041,2.02622097705,5
1707,4.67071913536,4.7260201088,5.52810118356,4
1708,4.97736673472,5.00688927264,5.15162151856,4
1709,5.11202441855,5.33632941202,1.91658977192,5
1710,4.46806276853,5.81184461107,2.21770852082,5
1711,4.68765043726,3.82393653554,7.78249239805,3
1712,8.22730634005,7.55934175078,6.56418693219,2
1713,8.19473504389,7.80174788446,5.33767373874,2
1714,5.192897593,5.32868980285,2.19656352565,5
1715,4.79631417946,5.87415236079,7.69657611996,3
1716,5.5480288018,5.49788965442,5.28246342774,4
1717,5.21276507425,6.12798463939,8.00998659526,3
1718,2.54717381124,2.11069034216,4.21235296442,1
1719,5.59876219567,3.00368597545,2.36217665098,5
1720,8.12686997014,7.70672427232,3.81474008679,2
1721,4.73675430917,4.54075007598,4.53539072965,4
1722,8.09529537764,7.94911807637,4.61038643298,2
1723,1.30673589985,2.76246936845,2.62927418296,1
1724,2.24625249588,1.98392802692,6.11757773584,1
1725,7.95474367381,7.81251231745,6.45602064528,2
1726,4.92419542731,3.0184500352,7.41504489854,3
1727,8.0406178077,7.88592741667,5.7806115624,2
1728,8.06581581759,7.52144387697,6.47100824358,2
1729,5.13513866781,4.73083847313,4.13632882665,4
1730,7.35765590767,7.48137699348,6.85676131638,2
1731,5.46433168488,5.83231910452,7.89054935399,3
1732,4.736899236,3.00728340331,3.71148104591,4
1733,8.02449807038,7.98607266097,4.26165118146,2
1734,5.31990151198,5.90068527629,6.03390549151,4
1735,8.12075626648,7.93482525948,4.4695036568,2
1736,5.02755939847,4.26876444958,2.42724659607,5
1737,1.9867989096,1.84889015042,3.98495749917,1
1738,1.63079765324,2.34181926995,6.60481154944,1
1739,2.27313138962,2.15748640264,6.16939451993,1
1740,4.68874392876,3.55826560462,2.28988462418,5
1741,4.87398902874,4.70498077662,5.93305461643,4
1742,7.76256515583,7.90983446129,4.94776610764,2
1743,5.77249893876,4.96566540544,5.32709440583,4
1744,4.90291764388,4.69363669956,5.48137777683,4
1745,4.77526068284,6.67020022042,1.76772795309,5
1746,4.58666882217,4.30281316694,6.03868329823,4
1747,2.63453034256,1.89471386824,5.12295304056,1
1748,5.16821140551,5.68691983713,2.30875233946,5
1749,7.90613149704,8.01905161071,4.87472547329,2
1750,2.13251835218,2.27109931405,3.71319535317,1
1751,4.74676092027,5.02105730582,2.29432196942,5
1752,4.9166331572,5.10097377692,1.81931607003,5
1753,5.41796524368,4.59121172164,2.08460450059,5
1754,5.19532758778,6.63190295315,5.58844685575,4
1755,2.4247515879,1.9930114137,5.03564289401,1
1756,8.74778302334,7.60998886384,4.0009711744,2
1757,8.06593751957,8.03251296131,5.47423138414,2
1758,5.20378518383,3.05833438907,2.24334684314,5
1759,5.21935131226,5.31419010909,4.00912869748,4
1760,5.2464457407,5.91375891658,1.65768250238,5
1761,8.05195241991,8.18847053343,5.02024115017,2
1762,4.64770744414,5.67157667802,7.91056922054,3
1763,8.30245086743,7.67883506108,3.98488486372,2
1764,8.89608920389,7.97101658671,5.38111166152,2
1765,4.91786404161,6.03860896542,1.76608464087,5
1766,8.05809471485,7.77671392161,3.81091554919,2
1767,4.55158013773,3.13413768726,7.50304802282,3
1768,4.95034200204,4.91928679313,1.83030632843,5
1769,5.40981125136,3.74842970649,4.71836096396,4
1770,8.31629700937,7.93951500723,4.86254052211,2
1771,5.35887662528,6.96339727375,7.68494377422,3
1772,4.75014538983,6.1407805977,7.57551200381,3
1773,4.82884136096,6.3909652185,5.06928032376,4
1774,4.75376996084,4.77215991165,1.91059924245,5
1775,5.2237155224,5.50977650597,5.75086557817,4
1776,5.19183023911,6.09556685259,4.53547915035,4
1777,5.20033268631,5.4339290082,5.36449943838,4
1778,4.95163313271,3.81422883493,5.31322084508,4
1779,1.41100407567,2.39494685151,4.6015223924,1
1780,5.0272274241,2.5308824166,6.90104437354,3
1781,5.31007010117,5.32112736995,5.1200851918,4
1782,4.94495011182,3.92253657736,7.78521584983,3
1783,7.48666048819,7.90273564563,4.7543973444,2
1784,4.79947545311,4.73879803505,7.91643156277,3
1785,2.03536073989,2.18386758713,4.01633910779,1
1786,8.19372254908,8.20609733893,4.16509153861,2
1787,5.20189675142,4.80689128727,8.39953251536,3
1788,5.67488894405,3.02717865995,7.36302135679,3
1789,7.82760227703,7.63514389059,5.89012923443,2
1790,5.02700595145,5.38567442636,4.49979223664,4
1791,5.20923501534,3.44393208805,7.94871099026,3
1792,7.3775620874,7.92181825424,5.61223764142,2
1793,4.84878054172,5.35728585235,4.82877816435,4
1794,2.05440299203,1.80976808148,5.14992454782,1
1795,4.95925548153,5.35428251927,7.6818192477,3
1796,5.43502525315,5.88658306631,4.30822176034,4
1797,5.48132060357,3.13792961184,4.46509050021,4
1798,7.61856256475,7.64631550249,6.48928029102,2
1799,4.76164515672,5.28358231349,3.90993490515,4
1800,4.94813351371,6.14297503376,2.23573526857,5
1801,1.888190866,2.18680658042,6.22172164295,1
1802,1.5641490615,2.14397877171,3.79531888011,1
1803,5.55495094405,4.70134732284,8.00204619555,3
1804,1.71027248087,1.89447714859,4.64200117633,1
1805,5.66882822526,4.48064803919,5.75283859592,4
1806,4.71564575322,5.99467566264,7.84131623346,3
1807,2.032808422,2.01922543281,4.84768981564,1
1808,3.97747608601,4.21532498089,7.96705628758,3
1809,5.51694446147,3.4902914098,2.57428807821,5
1810,8.07978612369,7.80755013714,4.46945138151,2
1811,7.9495571163,7.85013362061,4.31872908645,2
1812,5.40053693546,7.10228907732,2.47363159809,5
1813,5.39638325093,4.46647750281,8.26275468337,3
1814,8.32257393529,7.67569892534,7.02273036993,2
1815,7.86752416857,7.71191446931,4.46482670248,2
1816,7.88649568075,7.91494962787,3.82185171014,2
1817,4.55786197289,4.43090900356,1.9537854711,5
1818,7.78107386238,7.91009643322,4.28896260662,2
1819,5.58599324153,4.71545930085,5.34234886404,4
1820,5.0779706066,6.38837858587,7.74454216284,3
1821,5.43120445286,3.96858878993,8.12309565834,3
1822,8.01599187593,8.07530688105,3.52507227995,2
1823,7.45858730282,8.29742488988,5.30992471441,2
1824,1.88064376846,2.4423889232,6.82111616737,1
1825,4.7210907298,5.07355696189,4.25961776162,4
1826,4.94968163243,4.9006506497,2.37807719391,5
1827,4.7035722734,4.62952690097,5.78070608467,4
1828,4.69676566709,5.34559228083,2.0209110829,5
1829,7.73428723452,7.29091274169,7.25600142127,2
1830,4.61928148626,5.83514939301,8.13264430271,3
1831,7.69994149819,7.70294732005,6.33900908432,2
1832,4.7984233427,5.35111123325,5.23361086091,4
1833,8.48194148864,8.0337671764,5.27134036982,2
1834,2.09972524787,2.01966966814,4.63640814438,1
1835,5.49928900306,4.40515810718,5.35844962393,4
1836,4.9539568138,5.03368914015,8.05073547888,3
1837,2.31247654026,2.13408885303,6.06490316338,1
1838,5.35831678737,6.35458190415,4.96453243937,4
1839,5.46727078521,5.8343156264,7.59077743164,3
1840,2.32854656907,2.21405705307,4.22759703494,1
1841,2.59211104376,1.9593156211,4.59717465415,1
1842,2.45798291005,2.14546304434,3.79814111556,1
1843,4.9842891772,4.67992170929,4.14019020691,4
1844,8.15075252109,8.08741917131,4.99743928407,2
1845,4.90368950011,3.75091057091,2.07030613072,5
1846,4.75248866531,5.16439560612,7.60654784814,3
1847,8.19314781447,7.39735080853,7.02392154216,2
1848,1.92947520558,2.3033852087,5.15617064803,1
1849,4.80793952932,3.49397172325,4.29118087972,4
1850,5.00526426632,4.6748295714,8.10457818262,3
1851,7.46512776447,7.73484419861,3.22718145169,2
1852,4.56922311177,3.7304926781,6.11126502533,4
1853,7.8866836727,8.07877324946,4.87735227699,2
1854,5.47731917609,6.20887566886,7.70144287035,3
1855,7.90800529428,7.50169396111,3.68007673266,2
1856,5.16021143113,3.40761370789,2.01954453598,5
1857,5.33601118263,3.91748536771,7.86039327398,3
1858,2.10390102597,2.126834013,5.25779683605,1
1859,5.6070371781,5.84112844981,8.01681057503,3
1860,7.7200665526,7.12983049831,2.59966406305,2
1861,4.84116939548,4.59162970634,4.14486017476,4
1862,4.67187366242,5.05665225917,5.4166759053,4
1863,2.4407466156,2.09513642808,4.17274296474,1
1864,2.32691649616,1.66732282699,4.76689129624,1
1865,2.28133627438,2.18396352726,4.5664099383,1
1866,5.21489183234,5.32682603562,4.55692711064,4
1867,1.82805419103,2.09554165237,5.01194706804,1
1868,5.07322799977,3.44064107018,7.64416979596,3
1869,2.16705938,1.86743791295,4.6145398779,1
1870,2.15130021647,2.0107200669,5.22858424856,1
1871,7.73176518479,7.75824208638,5.24446644221,2
1872,8.02333318657,7.72108267984,5.64460722527,2
1873,7.71620696242,7.89699260488,3.89589308924,2
1874,5.01485964039,5.12758722808,5.66066098577,4
1875,5.25305533626,5.48464874157,5.56047557703,4
1876,1.49565287536,1.87852322763,5.53182063661,1
1877,4.83062175543,5.26644896829,7.87262166455,3
1878,2.01627872889,2.06423944561,3.78125830188,1
1879,4.78642724697,4.92656366551,7.7363863587,3
1880,4.801645733,5.05394891427,5.03153605689,4
1881,4.77847621906,3.76567480236,2.39243470977,5
1882,5.16913183616,6.47143192571,2.32863776259,5
1883,5.10272814526,5.13672382477,2.03500367527,5
1884,4.95187966034,6.81427122707,2.1633139065,5
1885,4.80140233184,5.53013697776,8.09468256481,3
1886,4.76987761772,4.45077955357,4.36700800738,4
1887,7.77348163838,7.88203926844,6.1564938346,2
1888,5.07899920945,5.50123093567,8.04982288741,3
1889,7.90719383248,7.40296800689,2.48760348091,2
1890,5.5737879337,4.57934411018,1.95048776386,5
1891,4.91438068386,5.44755532678,8.14999302525,3
1892,4.97221732785,6.27575883303,8.04244604444,3
1893,5.03749088502,6.54156632432,2.45968851598,5
1894,1.74480130579,2.16387420765,5.59730602963,1
1895,8.07273916219,7.87561607996,4.88437992704,2
1896,1.56355085056,2.14370472101,3.70969492878,1
1897,5.07493944511,4.59777199152,2.17884161996,5
1898,1.88040415697,2.0486812263,5.67008238464,1
1899,5.09594342843,4.82420562783,7.9148749198,3
1900,1.88408341343,2.88079922282,7.49210365379,1
1901,1.89184669449,2.37303812132,4.0977037409,1
1902,5.07771368255,3.86407654421,7.71606832214,3
1903,5.27941805162,4.97745044409,4.81053126811,4
1904,5.07237784046,4.80614453861,5.05793335105,4
1905,4.68518940593,5.23015106723,4.55497061721,4
1906,4.81525704898,4.73314915065,5.21152981133,4
1907,5.15957488282,5.23719992175,7.9531465765,3
1908,4.94585927463,5.09929236454,4.78198107511,4
1909,4.47947484694,5.79743135298,7.80720959951,3
1910,4.57728186071,5.89868968586,2.15696965542,5
1911,1.94642259962,1.71821583935,5.77670418465,1
1912,7.82635087221,8.02447462544,4.22673586603,2
1913,5.19687035848,3.35755510942,4.68020752771,4
1914,5.12166892173,2.71878060901,7.38883468474,3
1915,8.34712743286,8.12336603966,4.99842129853,2
1916,8.09984137623,7.84558414914,5.44127737049,2
1917,4.81165453466,6.0611213562,1.95904520989,5
1918,4.91317713066,5.99025576977,2.38859587703,5
1919,5.38770103031,6.81244489788,2.18113737496,5
1920,5.69720181101,4.77964471795,7.65224856649,3
1921,8.37033345334,7.81804778377,6.253643181,2
1922,8.27743675892,7.78922353534,3.90619792768,2
1923,5.22231878015,5.70763775694,7.69244629901,3
1924,8.26599500429,7.72797939701,6.48305013073,2
1925,4.99007522326,6.11976487631,8.0017938069,3
1926,7.60655478953,8.06759282295,4.89702600153,2
1927,5.00131503618,5.05165338599,7.80765493461,3
1928,1.82898408496,2.36730571766,6.87005362235,1
1929,4.66538572732,4.4131491551,4.83342494891,4
1930,1.76735351408,1.94373394523,4.20406767096,1
1931,8.38414855063,7.66831809399,6.07686561313,2
1932,4.60764468564,6.45336674643,2.54442482988,5
1933,1.97530583729,2.03968637376,4.05077851115,1
1934,8.12271321958,7.73625348661,5.06891620527,2
1935,5.55392391478,5.33158633838,8.11586390022,3
1936,5.15603853161,6.40098038216,2.18398780515,5
1937,4.98254109637,6.43807762738,7.76685136434,3
1938,4.45893227481,4.21490999572,5.80237210388,4
1939,5.12178869784,4.8458378984,5.54727595203,4
1940,5.07680324291,4.76496465889,2.06705484515,5
1941,1.88459110245,2.04026687275,4.11434651065,1
1942,7.80520913309,8.05726593235,4.89515291473,2
1943,5.15597067877,6.94074553079,7.65411429656,3
1944,4.95273260678,5.23405580483,8.26293658655,3
1945,5.03937303762,2.31980184059,7.30333294135,3
1946,8.13626803382,8.15004252224,5.45293936244,2
1947,4.58251639196,4.79137000363,4.21086628213,4
1948,5.25647049959,4.75972849755,5.58774911185,4
1949,8.46258545596,8.06503949199,4.77134326365,2
1950,4.89781830903,5.57068759071,2.1975275249,5
1951,5.37523138789,5.27384474273,4.87240715541,4
1952,4.46490650309,5.46511131711,1.75076348364,5
1953,1.91251681319,2.34703989447,5.77029395267,1
1954,7.73967867882,7.97653426499,5.02249317601,2
1955,8.44555607628,8.21321028519,5.82672796882,2
1956,1.59978196932,2.26552018536,4.68198564759,1
1957,8.35431363623,7.90161610993,4.04612813177,2
1958,5.08485620447,3.77821577352,2.71910050922,5
1959,5.64230745751,3.32600657364,7.64493779335,3
1960,7.7836073452,7.34458064289,7.00884096,2
1961,1.99289724815,2.32952420121,6.54623793057,1
1962,4.85996312171,4.61690058683,5.89729869505,4
1963,1.65929515353,2.17955588246,4.85054768944,1
1964,7.64992251364,7.92387123701,5.64880262822,2
1965,8.48215840321,7.32293061723,7.30677423866,2
1966,4.69226403207,5.99255183354,7.47208880758,3
1967,4.64999119943,2.82891204622,7.21018786599,3
1968,1.17949827672,2.13010538377,6.34016355331,1
1969,1.96580789605,2.12738514506,4.16312030664,1
1970,4.40104956005,5.04859900891,7.98790855686,3
1971,2.05961861951,2.3518676711,3.71504491339,1
1972,4.95183530765,2.96819837985,7.60745261795,3
1973,1.66223785572,2.12737632638,5.98954353735,1
1974,1.76317554019,2.25888045504,3.91232159078,1
1975,1.8639918005,2.11275424888,5.18394962115,1
1976,1.94239107655,2.10276280314,4.77199612428,1
1977,2.46370101978,2.12828341535,5.78744061591,1
1978,2.04964724585,1.97970298833,4.30682665514,1
1979,5.71823016396,5.86330869953,7.68796997462,3
1980,4.81904875406,5.81970463105,1.90015264435,5
1981,8.01406325694,7.19703267109,7.27598521232,2
1982,8.04533269168,7.97777903801,5.75094560018,2
1983,5.19940774769,4.41597465521,8.40991927308,3
1984,4.33642122255,6.61707555316,7.39697234404,3
1985,5.38332375385,4.89661214256,2.11807790046,5
1986,5.17434641531,5.43094672347,4.07149117404,4
1987,1.70524351107,2.18337002784,4.92862126279,1
1988,5.29113046844,3.31457199666,7.51607885397,3
1989,4.58015522858,4.66014757614,1.97032435109,5
1990,1.58278834801,1.92158550668,4.92027387992,1
1991,8.1019474744,7.52652635596,6.2393956471,2
1992,7.62952617,7.82294384111,5.32150276018,2
1993,8.04566596597,8.10344917151,5.69366794949,2
1994,5.22458834476,4.6195488353,4.39863380429,4
1995,4.61624529938,4.01956146127,5.52293891213,4
1996,4.75318498624,5.06507610168,8.07494719945,3
1997,2.0001857326,2.35191142315,6.77931097144,1
1998,4.73591657919,5.64267722565,4.85577967495,4
1999,4.95543600121,5.27055029264,7.84476766112,3
