Age,Gender,num_coffeeBags_per_year,spent_week,spent_month,SlrAY,Distance,Online,Decision
36,Female,0,24,73,42789,0.003168235974,0,1.0
24,Male,0,44,164,74035,0.5209061258,0,
24,Male,0,39,119,30563,0.9160048718000000,1,1.0
20,Male,0,30,107,13166,0.9320983436,1,
24,Female,0,20,36,14244,0.9658814965000000,0,1.0
20,female,0,23,28,14293,1.036345783,1,1.0
34,Female,0,55,202,91035,1.134850752,0,1.0
24,Female,0,20,34,17425,1.19318787,0,
27,Male,0,49,145,43716,1.327207924,0,1.0
16,F,0,55,176,4701,1.445574752,1,1.0
25,Female,0,37,148,47993,1.556568767,0,1.0
24,Female,0,40,153,84803,1.655095669,1,
21,Female,0,38,122,42338,1.7141792880000000,1,
16,Male,0,20,69,2928,2.099595,1,
32,Male,0,42,158,51563,2.4144716,1,1.0
20,Female,0,0,63,13649,2.6340452,1,1.0
38,Male,0,28,58,30707,2.7198145780000000,0,
26,Male,0,35,118,45168,3.3385400340000000,1,1.0
29,Female,0,21,79,39950,3.496596106,1,
31,Female,0,37,141,41792,3.65770682,1,
27,Female,0,17,49,32360,4.040500509,1,0.0
23,Male,0,41,125,58390,4.206917963,1,
37,Male,0,26,73,33259,4.212506873,0,
53,Male,0,48,189,51670,4.48245741,1,1.0
28,Male,0,34,90,41032,4.554852587,1,0.0
47,Female,0,18,69,32038,4.59816269,1,0.0
32,Male,0,43,171,45894,4.607197752,1,
26,Female,0,51,191,54628,4.686783324000000,1,1.0
28,Male,0,39,143,68031,4.84273991,1,1.0
24,Male,0,41,163,64264,4.91141948,0,
21,Female,0,44,151,61029,5.098035049,0,1.0
39,Male,0,42,123,46329,5.150933202,0,
33,Male,0,0,0,12417,5.17758858,0,0.0
54,Male,0,25,100,49798,5.185721401,1,0.0
31,Male,0,19,35,16435,5.944409351,1,0.0
54,Female,0,40,134,77686,6.010629037,0,1.0
21,Female,0,43,153,49508,6.056343418000000,1,
45,Male,0,43,161,50497,6.140701593000000,0,1.0
30,Male,0,22,27,24288,6.266888147,0,
22,Male,0,34,86,40236,6.619759946,0,
27,Male,0,34,89,42262,6.6239591660000000,1,0.0
54,Male,0,35,120,67608,6.73217821,1,1.0
23,Female,0,40,114,83179,6.819163378,0,
26,Male,0,30,120,82682,7.1217344980000000,0,1.0
56,Female,0,23,82,37038,7.2870192220000000,1,0.0
50,Male,0,38,85,35152,7.579487694,0,0.0
45,Female,0,30,69,20969,7.714450653000000,0,0.0
23,Female,0,37,143,108258,8.66659061,0,1.0
29,Female,0,21,31,11092,9.03479957,1,0.0
25,Female,0,62,201,52169,9.083482786,0,1.0
23,Male,0,33,122,36792,9.190743085,1,0.0
54,Female,0,37,121,39735,9.431100897,0,0.0
29,Male,0,58,193,61629,9.870458559,0,1.0
28,Female,0,33,71,43637,10.04952989,0,0.0
23,Female,0,38,120,42794,10.07223268,1,0.0
41,Female,0,0,50,15371,10.20196676,0,0.0
21,Male,0,40,113,27664,10.2373863,1,0.0
29,Male,0,58,208,70989,10.78201419,1,1.0
21,Female,0,41,156,65015,10.96551957,0,1.0
17,Male,1,28,108,2873,0.1033625588,1,
39,Male,1,52,202,116543,0.1247858515,1,
24,Male,1,42,134,47894,0.3178371089,0,1.0
24,Male,1,24,66,42820,0.3542616992,1,1.0
44,Female,1,0,0,7800,0.3572657335,1,0.0
27,Female,1,29,105,43081,0.3647715557,1,
43,Female,1,0,0,18288,0.3691156249,1,0.0
24,Female,1,30,86,75089,0.5431742495,1,1.0
20,Female,1,18,65,13327,0.5933500857,1,
17,Male,1,37,117,4629,0.615381933,1,1.0
20,Female,1,21,55,13810,0.7818638792,1,1.0
24,Male,1,37,146,81091,0.8745547905,1,1.0
23,Male,1,37,99,56572,1.059019567,0,1.0
19,Male,1,34,125,15581,1.097394762,1,
18,Female,1,46,135,12703,1.147987299,1,
29,Female,1,49,167,40144,1.272422949,1,
37,Female,1,48,125,33340,1.283620712,1,1.0
31,Female,1,40,123,84293,1.285623642,1,1.0
19,Male,1,22,27,3322,1.3431535380000000,1,1.0
17,Male,1,34,72,3692,1.485530609,1,1.0
25,Male,1,36,101,70644,1.508198564,0,1.0
21,Female,1,52,174,63230,1.81858546,0,1.0
18,Male,1,39,62,2037,1.8268349770000000,1,
22,f ,1,17,32,30859,1.854121229,0,1.0
21,Male,1,60,199,79779,1.930749029,1,
26,Male,1,30,110,69900,1.977172366,0,
21,Female,1,60,210,64835,2.0419678830000000,0,
17,Female,1,45,141,11365,2.323879819,1,
21,Male,1,26,49,21390,2.415843013,1,1.0
19,Male,1,47,153,15259,2.469038433,1,1.0
16,Male,1,40,95,5970,2.479496369,1,1.0
25,Female,1,30,74,39082,2.515074825,0,
25,Male,1,34,120,39432,2.597183765,0,1.0
19,Female,1,29,37,2453,2.636740354,1,
19,Female,1,38,148,15420,2.652501369,1,
20,Male,1,40,122,12844,2.658410182,1,
20,Male,1,18,31,14132,2.67143784,1,1.0
28,Female,1,40,158,158924,2.730648912,0,1.0
29,Female,1,35,118,39798,2.870721487,0,1.0
26,Male,1,59,185,73087,2.921695602,1,1.0
18,Male,1,37,84,2889,2.998779662,1,
29,Male,1,34,59,20679,3.002834655,1,1.0
54,Female,1,51,165,56572,3.0058853120000000,0,1.0
23,Male,1,43,172,53659,3.01469092,0,
22,Female,1,57,178,62561,3.0621998610000000,0,
57,Male,1,37,116,36276,3.1993478310000000,1,1.0
39,Male,1,36,90,35342,3.201229456,0,
46,Female,1,32,103,57355,3.216406568,1,1.0
51,Male,1,41,118,76582,3.3706484240000000,0,1.0
50,Male,1,19,49,23907,3.749454463,1,0.0
26,Male,1,23,67,27226,3.75039049,1,1.0
61,Male,1,0,0,13325,3.758175195,0,0.0
50,Female,1,0,58,33632,3.866096438,1,0.0
45,Male,1,45,169,113758,3.894899662,1,1.0
28,Male,1,35,54,22652,4.064549461,1,0.0
57,Female,1,41,158,72924,4.088638592,0,1.0
39,Female,1,38,85,42980,4.142037112,0,0.0
24,Male,1,36,142,71935,4.154044421,0,
56,Female,1,0,21,13749,4.213923505,0,0.0
29,Female,1,37,61,26455,4.396254245,1,0.0
55,Male,1,38,130,51292,4.424346386,1,1.0
27,Male,1,28,55,40872,4.481713593,0,0.0
23,Female,1,29,100,35442,4.536994914,1,0.0
33,Male,1,0,57,33167,4.594197881,0,0.0
27,Male,1,39,156,66523,4.743400698,0,1.0
52,Male,1,22,71,69707,4.746906037,1,0.0
29,Female,1,37,51,19038,4.808200301,0,0.0
30,Male,1,34,104,38227,4.832407724000000,0,1.0
26,Female,1,30,55,40859,4.889009407,0,
53,Male,1,41,124,32450,4.938200732,0,1.0
23,Male,1,21,51,80144,4.990330028,1,0.0
29,Male,1,32,103,41097,5.008858748,0,1.0
29,Female,1,34,120,72567,5.091339746,1,1.0
46,Female,1,41,161,62589,5.174576784,0,1.0
23,Male,1,59,198,73167,5.177543652,0,1.0
22,Male,1,38,114,92058,5.256317291,0,
48,Male,1,0,27,16673,5.26331846,0,0.0
27,Male,1,28,102,84315,5.2840742910000000,0,
22,Male,1,33,120,81091,5.298158482,0,1.0
29,Male,1,49,164,69697,5.401406361,0,1.0
46,Female,1,0,0,7800,5.447687586,1,0.0
36,Female,1,50,198,53612,5.474069834,0,
28,Male,1,44,127,38682,5.526280889,1,1.0
26,Female,1,43,134,62254,5.729704798000000,0,1.0
27,Female,1,19,70,46894,5.752269406,1,0.0
33,Female,1,34,121,51545,5.843420619,1,
62,Female,1,21,48,17451,6.09361107,0,0.0
26,Female,1,21,41,19788,6.2647918360000000,1,0.0
39,Male,1,40,148,83424,6.373416437,0,
38,Female,1,21,40,15379,6.389276423000000,1,0.0
49,Male,1,56,199,61600,6.412559315,1,1.0
32,Female,1,39,141,53591,6.440184361,0,
26,Female,1,35,47,21288,6.696573316,0,0.0
60,FEMALE,1,24,63,34034,6.785861218000000,1,0.0
29,Female,1,52,194,62008,6.866924789,1,1.0
49,Male,1,36,141,46844,6.937136727,0,1.0
21,Male,1,37,91,35225,6.979725874,1,
61,Female,1,31,100,68960,7.026060967,1,0.0
53,Female,1,57,208,139591,7.051153141,0,1.0
23,Female,1,32,87,36521,7.067551145,0,0.0
25,Male,1,34,107,33776,7.15932695,0,1.0
29,Male,1,35,123,47073,7.232830477,1,1.0
54,MALE,1,0,0,7800,7.382254671,0,0.0
36,Male,1,58,192,77858,7.686129196,0,1.0
52,Female,1,31,123,45558,7.693838341,1,1.0
46,Female,1,46,176,69372,7.911330535,0,1.0
57,Female,1,25,66,64707,8.031187751000000,1,0.0
41,Female,1,45,114,53585,8.308926843,0,0.0
46,Female,1,29,98,45644,8.395180859,1,0.0
29,Female,1,42,161,75719,8.56793706,1,1.0
59,Male,1,24,65,28143,8.806021537000000,0,0.0
24,Male,1,0,64,25588,8.821166644,1,0.0
30,Female,1,28,99,48258,8.944583815,0,0.0
49,Male,1,38,119,58769,9.202593446,0,0.0
24,Male,1,0,50,40859,9.21078302,1,0.0
58,Male,1,32,73,28359,9.216637991,0,0.0
54,Male,1,54,208,85615,9.22140306,0,1.0
23,Female,1,0,22,10969,9.235025831,1,0.0
23,Female,1,41,127,54489,9.264493307,1,0.0
45,Female,1,61,193,55374,9.363908636,1,1.0
24,Female,1,40,145,75728,9.459375273,0,1.0
29,Female,1,35,91,30097,9.459982918,0,0.0
22,Female,1,45,150,40519,9.647181383,1,1.0
58,Female,1,31,66,38224,9.82894271,0,0.0
57,Female,1,0,52,55144,9.858765946,0,0.0
53,Male,1,24,67,26901,10.14628578,1,0.0
46,Female,1,48,190,71697,10.205120600000000,1,1.0
34,Male,1,58,206,138591,10.21705133,0,1.0
25,Male,1,51,175,70260,10.21896625,1,1.0
31,Male,1,46,162,55402,10.234657400000000,0,1.0
52,Male,1,41,156,66676,10.49840409,1,1.0
55,Female,1,35,133,41001,10.5394051,1,0.0
25,Female,1,23,26,18669,10.62307711,1,0.0
23,Male,1,0,55,46756,10.65924369,1,0.0
35,Female,1,0,41,16288,10.69480655,0,0.0
25,Female,1,40,125,40957,10.71138489,1,0.0
26,Male,1,48,173,68515,10.82005942,1,1.0
52,Female,1,20,50,18415,10.94230192,1,0.0
26,Male,1,45,133,75147,10.98620254,0,0.0
33,Female,2,56,179,39726,0.01004778552,1,
18,Female,2,41,155,6980,0.03161397872,1,
22,Female,2,26,106,49122,0.07401640749,1,
16,Female,2,43,127,8126,0.2090955877,1,1.0
25,Female,2,0,54,20499,0.3092632313,1,1.0
21,Male,2,0,32,15288,0.3555889693,1,
28,Male,2,32,80,37186,0.5353023973,0,1.0
44,Female,2,0,0,18788,0.6534723136,1,0.0
21,Female,2,21,45,19925,0.717073088,1,1.0
25,Male,2,25,62,35192,0.7275298307000000,1,1.0
29,Male,2,38,143,66071,0.8658517905000000,1,1.0
27,Male,2,20,20,30192,0.9100077563,0,0.0
45,Female,2,0,0,10630,1.046481638,1,0.0
24,Female,2,37,67,30918,1.057084642,1,1.0
55,Female,2,47,176,60072,1.080981486,1,
18,Female,2,42,112,19155,1.20010782,1,1.0
22,Male,2,37,111,38611,1.228285318,0,
25,Male,2,39,148,52478,1.335699131,0,1.0
66,Male,2,45,158,59662,1.3444922720000000,1,
22,Female,2,18,62,29887,1.4020902730000000,0,1.0
19,Female,2,31,112,17918,1.4523282660000000,1,
42,Female,2,40,117,78924,1.53966849,1,
30,Male,2,39,98,53894,1.644092816,0,
24,Female,2,35,130,43662,1.656053147,1,1.0
38,Male,2,39,115,39851,1.891882308,1,
55,Female,2,36,104,45926,1.9030886270000000,0,
18,Male,2,32,88,3017,2.021501235,1,
21,Male,2,59,199,67257,2.039106174,1,
19,Male,2,32,77,3150,2.1185854490000000,1,1.0
25,Female,2,38,150,50123,2.333291257,1,1.0
26,Male,2,27,103,48438,2.40804234,0,
17,Female,2,58,193,8714,2.436647797,1,1.0
25,Male,2,51,161,45447,2.508869998,0,1.0
57,Male,2,29,96,30859,2.565475702,0,
24,Male,2,40,144,64787,2.611155148,0,1.0
47,Female,2,0,0,10288,2.752511695,1,0.0
18,Female,2,24,93,11944,2.796678301,1,
24,Male,2,25,65,27526,2.80205062,0,1.0
22,Female,2,41,149,66158,2.859221238,1,
17,Male,2,21,54,2378,2.946511992,1,
61,Female,2,42,144,55697,3.060748952,0,
25,Male,2,60,195,46533,3.1317776210000000,0,
26,Female,2,39,154,56248,3.175947808,0,1.0
21,Male,2,29,54,22819,3.216117365,1,
41,Female,2,44,130,49394,3.2519838,0,
49,Male,2,27,102,51597,3.320326578,0,
55,Female,2,53,186,46400,3.383143023,0,1.0
28,Female,2,45,177,52241,3.5234200660000000,0,1.0
27,male,2,27,52,33081,3.5922515370000000,1,0.0
55,Male,2,44,167,64996,3.604907639,1,1.0
38,Male,2,0,0,10152,3.646992018,0,0.0
44,Male,2,47,189,44177,3.666954084,0,
28,Female,2,39,143,72096,3.6925593590000000,0,1.0
29,Female,2,23,68,33130,3.93088246,0,
18,Male,2,60,196,7323,4.152254163,1,
49,Male,2,50,164,40303,4.172846565,0,1.0
49,Male,2,40,111,38984,4.422545798,0,1.0
57,Female,2,44,133,42115,4.4333854190000000,0,1.0
28,Male,2,0,63,34925,4.443295972,1,0.0
34,Male,2,0,0,10488,4.583790715,1,0.0
65,Male,2,22,38,15663,4.607189928,0,0.0
64,Female,2,0,0,11110,4.748906767,1,0.0
58,Male,2,0,0,8688,4.782561609,1,0.0
23,Male,2,44,132,40928,4.951782436,1,1.0
48,Female,2,47,186,73372,4.9920145830000000,1,1.0
40,Female,2,45,134,47688,5.085825939000000,0,1.0
53,Female,2,39,143,56894,5.12619783,1,
62,Female,2,37,112,39666,5.140062341,1,
23,Male,2,38,133,41923,5.15360336,0,
51,Male,2,35,114,43769,5.164666272,1,1.0
23,Female,2,33,96,43984,5.186352675,1,
52,Female,2,18,67,41116,5.308460744,0,
41,Male,2,0,51,21288,5.353336069,1,0.0
46,Male,2,37,141,75903,5.353516925,0,1.0
24,Male,2,45,132,56364,5.355679546,1,
29,Female,2,38,143,78090,5.430340861,1,1.0
63,Male,2,29,54,18447,5.4617976080000000,0,0.0
52,Female,2,25,62,32860,5.491629421,0,0.0
23,Female,2,42,145,54751,5.532936666,1,
23,Male,2,40,122,43704,5.55804508,0,1.0
20,Female,2,35,91,12361,5.593318415,0,
23,Female,2,52,183,72039,5.668573487000000,1,
45,Male,2,17,54,38151,5.743678341,0,
29,Male,2,51,197,66531,5.746548858,0,1.0
28,Female,2,45,146,47387,5.752491559,0,1.0
23,Male,2,41,155,79932,5.758757118000000,0,
49,Female,2,22,60,59394,5.768019589,0,0.0
53,Female,2,55,185,80019,5.795050578,1,1.0
26,Male,2,34,122,46716,6.181315065,0,
57,Male,2,0,0,13088,6.259451011,1,0.0
58,Female,2,26,32,32538,6.284193154,0,0.0
29,Female,2,40,160,56004,6.314936319,1,1.0
25,Male,2,46,159,77457,6.36121919,0,
24,Female,2,42,152,50566,6.392869538000000,0,
25,Male,2,37,146,49634,6.4162316210000000,1,
23,Male,2,40,151,82197,6.5020877210000000,1,1.0
28,Female,2,52,173,49969,6.770132223000000,1,1.0
27,Female,2,27,108,35145,6.8079788610000000,1,1.0
24,Male,2,45,167,96543,6.916668799,1,
26,Female,2,42,152,39394,6.9488821220000000,0,
41,Male,2,36,146,74174,6.970961229000000,1,1.0
26,Male,2,35,40,31288,7.067276416,0,0.0
42,Female,2,35,139,41879,7.403512096,0,1.0
29,Female,2,35,117,38506,7.407588822,0,1.0
60,Male,2,22,53,33920,7.569553923,0,0.0
51,Male,2,40,124,42642,7.8489265360000000,1,1.0
27,Male,2,31,67,38708,7.963398923,1,0.0
57,Male,2,22,25,12570,8.391614414,0,0.0
27,Male,2,21,53,39303,8.553468022,0,0.0
53,Male,2,39,129,44192,9.186538872,0,0.0
59,Female,2,28,50,34192,9.278543416,0,0.0
53,Female,2,27,44,18180,9.30340494,0,0.0
64,Female,2,26,84,46192,9.783757791000000,1,0.0
54,Male,2,42,131,40644,9.985498816,1,0.0
55,Male,2,0,51,21591,10.01006744,0,0.0
46,Female,2,38,104,66362,10.09631345,1,0.0
63,Female,2,22,39,40733,10.11277426,0,0.0
51,Female,2,39,118,45198,10.31859884,1,0.0
23,Male,2,55,183,42027,10.439573800000000,1,1.0
35,Male,2,0,0,8649,10.56016533,0,0.0
54,Male,2,0,52,41573,10.61788487,1,0.0
23,Male,2,40,144,80376,10.74990359,1,1.0
61,Female,2,0,22,12078,10.79295651,0,0.0
26,Male,2,52,195,87924,10.82352295,1,1.0
17,Male,3,57,203,7305,0.013089495760000000,1,
25,Female,3,24,46,17955,0.11473634770000000,0,
20,Female,3,19,63,13488,0.1322618307,1,1.0
25,Male,3,49,189,69803,0.13789293460000000,0,1.0
24,Female,3,24,91,28140,0.1557105529,1,1.0
24,Male,3,50,165,44269,0.1718953403,1,
24,Female,3,32,69,34396,0.1946438084,0,1.0
23,Male,3,24,96,84801,0.2663573271,0,1.0
27,Female,3,0,50,22593,0.2798210932,0,1.0
21,Female,3,19,30,19925,0.4800513649,0,1.0
17,Female,3,40,151,7620,0.5468636934000000,1,1.0
29,Male,3,56,185,43253,0.5929707133,1,
25,Male,3,20,51,34192,0.6891014113000000,1,
16,Male,3,33,108,7603,0.7595263880000000,1,1.0
27,Male,3,36,96,35249,0.7861044304000000,0,
52,Male,3,41,159,107147,0.8264266905,0,
18,Male,3,44,130,15966,0.8794762761,1,
35,Male,3,47,123,45303,0.9937861263,0,
17,Female,3,36,56,4922,1.017026536,1,1.0
16,Female,3,31,70,3526,1.125405763,1,1.0
33,Female,3,44,137,40171,1.352207242,1,1.0
18,Male,3,51,163,6771,1.4651975470000000,1,1.0
26,Male,3,27,59,37896,1.586453492,0,
54,Female,3,19,36,23597,1.645519145,1,
21,Male,3,0,57,7800,1.6765424740000000,0,1.0
53,Male,3,43,169,61248,1.797802851,0,
50,Female,3,54,172,56894,1.922490193,1,
66,Male,3,0,0,7800,1.968910903,0,
16,Female,3,60,203,4722,2.038746396,1,1.0
24,Female,3,24,35,13354,2.059868489,0,
36,Male,3,55,201,57267,2.108992788,0,1.0
27,Male,3,38,103,35253,2.118430119,1,
18,Female,3,20,36,2717,2.228459592,1,
26,Female,3,36,105,44449,2.245882069,1,
21,Male,3,44,129,60208,2.259841976,1,1.0
58,Male,3,49,181,104829,2.382216411,0,
23,Female,3,58,186,63225,2.406568461,1,1.0
17,Male,3,45,119,3056,2.4559041880000000,1,
63,Female,3,47,141,83230,2.464243734,1,
28,Female,3,43,140,55089,2.4643048570000000,1,1.0
29,Male,3,18,22,10962,2.604549553,0,0.0
29,Male,3,38,121,40853,2.7663452670000000,0,1.0
21,Female,3,44,132,76686,2.803568556,1,
33,Male,3,29,114,63144,2.8651623180000000,0,1.0
24,Male,3,54,203,54862,2.886036358,0,1.0
22,Male,3,38,72,33984,2.891061802,0,1.0
35,Female,3,34,91,58655,2.9351776660000000,0,1.0
67,Female,3,0,62,26788,2.939527618,0,
32,Female,3,23,53,69394,3.00130053,0,
39,Male,3,41,163,77008,3.036677267,1,
22,Male,3,39,130,71302,3.067975152,0,
51,Female,3,30,49,31815,3.072476027,0,0.0
53,Male,3,32,111,35753,3.291513525,0,1.0
27,Female,3,55,180,43200,3.320412667,0,1.0
54,Male,3,28,102,65166,3.328346608,1,1.0
45,Female,3,42,120,36059,3.454760825,0,1.0
26,Female,3,40,153,65036,3.462770701,1,1.0
26,Female,3,48,170,41837,3.633549656,1,1.0
58,Female,3,22,78,35392,3.648800866,0,0.0
26,Male,3,34,87,55739,3.6641268340000000,0,1.0
21,Female,3,23,52,23136,3.822494944,0,
28,Male,3,51,196,66739,3.8395222510000000,1,1.0
57,Male,3,29,110,34655,3.943056398,0,1.0
25,Male,3,0,43,15247,3.9595087060000000,0,1.0
29,Male,3,22,71,30607,4.014700896,1,
38,Male,3,29,113,42825,4.18541677,0,
53,Male,3,39,102,41394,4.21612904,0,1.0
28,Male,3,36,119,75635,4.227771,1,1.0
24,Female,3,57,199,71559,4.3012871960000000,1,
59,Female,3,50,162,70621,4.530685452,0,
23,Female,3,53,185,41738,4.558833647,1,1.0
55,Female,3,0,25,11556,4.7098532760000000,1,
41,Female,3,0,0,13476,4.821167881,1,0.0
32,Female,3,0,0,20038,4.831927581,0,0.0
56,Female,3,30,54,21574,4.837411399,1,0.0
35,Male,3,24,38,18163,4.884646238,1,0.0
22,Female,3,21,76,46414,5.425349402,0,
26,Female,3,42,129,78879,5.570707727,1,
24,Female,3,32,95,54489,5.800766552000000,0,
25,Female,3,62,199,60001,5.829231043000000,0,1.0
26,Female,3,58,210,71091,6.004419403000000,1,1.0
50,Male,3,50,195,80515,6.0309747290000000,1,1.0
52,Male,3,24,57,21983,6.0711441,0,0.0
23,Female,3,26,103,37288,6.108822,0,1.0
30,Female,3,25,79,39066,6.115026233000000,0,0.0
45,Female,3,18,26,14514,6.154848105,0,0.0
23,Female,3,32,102,39662,6.319477143000000,0,
50,Male,3,52,187,48815,6.369973295,0,
28,Female,3,39,143,77037,6.413463193000000,0,1.0
34,Male,3,0,22,12187,6.4867734080000000,0,0.0
26,Male,3,29,106,43913,6.592655558,0,1.0
67,Female,3,27,40,28435,6.660143725,0,0.0
39,Female,3,0,0,11844,6.720263997000000,0,0.0
28,Female,3,25,99,34812,6.9022097460000000,0,0.0
48,Female,3,0,49,30538,6.910566605,0,
24,Female,3,20,25,12087,6.950939375,0,0.0
28,Male,3,25,77,30351,6.981226664000000,1,0.0
23,Male,3,41,128,40504,6.9864744090000000,1,
25,Male,3,53,202,49110,6.996626112,0,
29,Male,3,43,124,39716,7.044791492000000,1,1.0
45,Female,3,34,109,88458,7.10620757,1,1.0
51,Female,3,33,105,74508,7.208970432,0,1.0
25,Female,3,38,107,34859,7.261594162000000,1,1.0
63,Female,3,0,55,50303,7.4934078070000000,0,0.0
23,Female,3,34,105,39693,7.570852329,0,1.0
52,Male,3,17,51,66478,7.816531894,1,0.0
23,Female,3,46,162,63687,8.013970653,1,1.0
27,Male,3,34,104,31648,8.080057946,0,0.0
23,Male,3,46,165,50216,8.097775027,0,1.0
42,Male,3,33,113,76591,8.350390045,0,0.0
28,Male,3,55,209,64688,8.61340888,1,1.0
25,Female,3,0,38,16559,8.737107214,0,0.0
47,Female,3,0,0,7800,8.75700999,0,0.0
64,Male,3,19,71,29549,8.790611472,0,0.0
23,Male,3,16,44,39394,8.817631564,1,0.0
60,Female,3,43,132,74767,9.412240581,0,0.0
56,Female,3,40,121,44526,9.604676036,1,0.0
53,Female,3,0,40,22747,9.797133774,0,0.0
51,Male,3,32,105,67041,10.0166276,1,0.0
26,Female,3,37,118,39081,10.39961561,1,0.0
24,Male,3,38,142,17165,10.40409592,0,
56,Female,3,32,121,33081,10.47315623,1,0.0
26,Female,3,40,146,63908,10.65049976,0,1.0
29,Female,3,32,67,30217,10.73506609,0,0.0
33,Male,3,0,21,9886,10.74910227,0,0.0
27,Male,3,41,147,59533,10.76497465,0,1.0
50,Female,3,37,107,46992,10.77113767,0,0.0
23,Male,3,47,140,61478,10.86802448,1,1.0
25,Male,3,54,170,51644,10.87376333,1,1.0
23,Male,3,21,64,46526,10.91083942,1,0.0
22,Male,4,49,169,113924,0.008437153771000000,0,1.0
21,Male,4,33,101,64697,0.0250520261,0,
19,Female,4,41,118,15742,0.1589610232,1,
35,Male,4,54,191,60947,0.20883479990000000,1,
19,Male,4,47,173,15098,0.22217228950000000,1,1.0
23,Female,4,41,141,95147,0.2271703202,0,1.0
21,Male,4,26,38,22810,0.24530952950000000,1,1.0
35,Male,4,36,126,37262,0.27940917,1,1.0
19,Female,4,23,56,2868,0.4242428245,1,
43,Male,4,0,0,12323,0.47821381660000000,1,0.0
23,Male,4,61,198,74424,0.5517073055,1,1.0
25,Male,4,43,154,73258,0.5546689604,1,1.0
27,Male,4,33,118,76738,0.5673183706,1,
44,Female,4,46,118,44997,0.5906023027,1,1.0
20,Female,4,36,109,13005,0.6084343063000000,1,
56,Male,4,33,82,32352,0.6130104807,1,1.0
18,Female,4,35,99,14098,0.6963857384000000,1,1.0
23,Male,4,48,180,63144,0.7733165838000000,1,1.0
18,Male,4,27,53,3335,0.8346290360000000,1,1.0
21,Male,4,53,207,119258,0.8395001543,0,1.0
51,Female,4,31,92,44047,0.9402796675,1,1.0
28,Male,4,34,38,26288,1.0366529290000000,0,1.0
24,Female,4,24,35,14825,1.058947942,1,
19,Female,4,27,87,18240,1.101479825,1,
48,Male,4,49,157,39598,1.130362586,0,1.0
31,Female,4,45,149,76072,1.16052429,0,1.0
29,Male,4,40,116,33276,1.242161584,1,1.0
27,Male,4,49,147,43392,1.395552216,1,
25,Female,4,30,64,27511,1.423217983,0,1.0
24,Female,4,40,157,57644,1.456939206,1,1.0
49,Male,4,29,50,21388,1.621035762,0,1.0
17,Female,4,38,125,8126,1.723468063,1,1.0
34,Female,4,41,149,51047,1.7358570520000000,0,1.0
22,Female,4,0,68,20166,1.769157382,0,1.0
24,Male,4,25,53,21877,1.8179342720000000,0,1.0
17,Female,4,41,162,6226,1.8706663890000000,1,1.0
30,Male,4,40,150,84424,2.003489862,1,1.0
32,Female,4,44,120,50346,2.069168613,1,1.0
57,Male,4,22,38,31970,2.104352366,0,1.0
24,Male,4,35,103,65900,2.116199226,1,1.0
54,Female,4,0,0,25663,2.150340316,1,0.0
25,Male,4,57,182,76044,2.151196659,0,1.0
36,Male,4,0,57,33007,2.350635973,1,1.0
35,Female,4,62,210,53947,2.4851176270000000,0,1.0
24,Female,4,23,71,27804,2.507402035,1,1.0
59,Male,4,46,166,65514,2.509124645,1,
28,Male,4,46,160,46320,2.624516299,0,1.0
61,Female,4,0,40,29524,2.626625934,0,0.0
29,Male,4,50,151,58978,2.636297243,0,
22,Female,4,33,119,57353,2.68835766,0,
25,Male,4,30,70,31288,2.795201444,1,1.0
26,Male,4,37,142,47467,2.8090693260000000,0,1.0
20,Male,4,52,189,12683,2.85434847,1,
23,Female,4,23,75,35442,2.9534641980000000,0,1.0
67,Female,4,0,38,41227,3.087326721,0,
20,Female,4,42,137,12200,3.233024918,1,
33,Male,4,57,186,107686,3.328245804,1,
22,Male,4,42,160,72709,3.7110761880000000,1,
46,Male,4,0,35,15748,3.7765642540000000,1,
55,Male,4,36,142,46023,3.788256222,0,
28,Male,4,0,24,40574,3.833882361,1,
24,Female,4,53,195,62353,3.883044625,0,
43,Male,4,39,143,172658,3.970186185,1,1.0
23,Female,4,34,118,59454,3.988763108,0,
42,Male,4,48,154,41644,4.058064555,0,
53,Female,4,26,47,25890,4.279431283,1,0.0
27,Female,4,41,160,82515,4.454804233,0,1.0
54,Female,4,53,209,80366,4.479744329,0,1.0
50,Female,4,39,95,43914,4.580701197,1,
23,Female,4,41,149,45716,4.666931396,1,1.0
19,Male,4,37,84,14776,4.683312189,1,
23,Female,4,41,148,59993,4.815908091,1,1.0
23,Male,4,33,132,69269,4.8826190040000000,0,
55,Female,4,35,127,58253,5.052227071,0,1.0
50,Male,4,28,41,18898,5.059369543,1,0.0
62,Male,4,0,0,9122,5.159085535,1,
16,Male,4,0,0,8066,5.237103262,1,
22,Female,4,46,152,122458,5.2757852840000000,1,
39,Male,4,25,67,30336,5.287552294,1,
56,Female,4,60,192,47795,5.288899734,1,
48,Female,4,33,121,82091,5.4968336220000000,0,
40,Female,4,0,0,12635,5.502085392000000,1,
19,Female,4,44,132,14615,5.678315792,1,
32,Male,4,0,0,8107,5.683755668,1,0.0
64,Male,4,0,59,24891,5.751099963,1,
33,Female,4,30,51,17622,5.913396791,1,
46,Female,4,26,28,11387,5.922983996,0,0.0
16,Female,4,24,28,8788,5.971547854,1,
24,Male,4,0,0,12538,5.974700641,1,
55,Female,4,41,165,74001,6.198774159,0,1.0
54,Male,4,0,0,9248,6.2156366620000000,1,
30,Male,4,45,166,76182,6.262125563,0,1.0
28,Female,4,46,178,49986,6.2658708680000000,0,1.0
54,Male,4,49,147,48662,6.37744582,1,1.0
28,Female,4,0,29,31811,6.490826687,0,
46,Female,4,25,61,38559,6.514802297,1,
18,Female,4,28,81,4653,6.5337325140000000,1,
26,Female,4,35,109,49470,6.576735092000000,1,1.0
25,Male,4,33,103,58517,6.6733216640000000,0,1.0
35,Male,4,51,199,67176,6.748440124,1,
26,Male,4,18,24,11795,6.977641844,0,
28,Female,4,25,78,61394,7.175391115,1,0.0
30,Female,4,37,115,74707,7.212716777000000,0,1.0
28,Male,4,47,169,54356,7.537502897,0,1.0
30,Male,4,42,164,90621,7.568254439000000,0,
29,Female,4,48,176,56326,7.598203322000000,0,1.0
29,Male,4,50,199,89480,7.682391114,0,1.0
40,Female,4,29,66,27459,8.161523894,1,0.0
27,Female,4,51,186,47370,8.31469654,1,1.0
50,Male,4,44,166,72415,8.678895587000000,1,1.0
26,Male,4,49,191,70712,8.731732242,1,1.0
30,Male,4,31,120,82293,8.861159575,1,0.0
23,Female,4,37,146,57707,9.139699522,0,1.0
59,Male,4,30,112,69515,9.409150101,1,0.0
25,Female,4,23,67,37955,9.452802332000000,1,0.0
55,Male,4,19,66,30313,9.558484579,0,0.0
40,Female,4,25,95,71606,9.728073934,0,0.0
38,Female,4,17,22,11066,9.738271378,0,0.0
50,Female,4,23,58,25511,9.808361017000000,0,0.0
30,Female,4,41,148,79733,9.822799527,1,1.0
33,Female,4,38,54,31628,9.975487271,0,0.0
58,Male,4,31,121,35947,10.22458318,1,0.0
43,Female,4,40,137,45800,10.32127869,0,0.0
55,Male,4,39,134,77829,10.72254522,0,0.0
23,Male,5,18,57,26172,0.03689777071000000,1,
25,Male,5,53,173,68230,0.05795804252,1,1.0
16,Male,5,31,107,8822,0.07101700832,1,
28,Male,5,26,67,70144,0.1052640537,0,1.0
18,Female,5,38,135,4605,0.1199771859,1,1.0
21,Male,5,39,148,81582,0.19182723560000000,1,1.0
41,Female,5,54,167,49634,0.21059752210000000,0,1.0
28,Female,5,43,157,55394,0.23945834630000000,1,1.0
55,Male,5,0,36,13684,0.2540904777,0,
32,Female,5,55,186,48510,0.28773918600000000,0,1.0
30,Male,5,29,66,39122,0.3039204117,0,1.0
54,Female,5,40,115,59197,0.36041707690000000,1,1.0
27,Female,5,48,175,68687,0.36128336900000000,1,1.0
26,Female,5,0,30,12730,0.3614676282,1,
41,Female,5,40,143,72508,0.3618783406,1,1.0
21,Male,5,32,103,60228,0.3840045647,0,1.0
26,Male,5,42,163,84140,0.3911534981,0,1.0
29,Male,5,18,60,45727,0.45778813560000000,1,1.0
32,Male,5,39,145,66738,0.4994601747,0,1.0
27,Female,5,44,135,43178,0.5086875102,1,
18,Male,5,0,53,2667,0.5315402914,1,
23,Female,5,54,202,46949,0.5916482747,0,1.0
16,Female,5,44,158,2441,0.7494333417,1,
28,Male,5,40,141,61964,0.7667138246000000,0,1.0
23,Male,5,52,187,81147,0.8032598388,0,
55,Male,5,0,0,9579,0.8791977191,0,
54,Male,5,27,102,46553,0.8923990059,1,
17,Male,5,21,44,1617,0.9486521215000000,1,
18,Male,5,60,206,4702,0.9488707831000000,1,1.0
20,Male,5,29,46,13971,0.9494010669000000,1,1.0
33,Female,5,32,102,51835,1.023870029,0,1.0
31,Female,5,33,122,45816,1.062239272,0,1.0
64,Female,5,21,53,65715,1.0651840610000000,0,
26,Female,5,34,72,70332,1.203701922,1,1.0
23,Female,5,19,76,28708,1.2861596000000000,0,1.0
26,Male,5,37,112,29155,1.2910560770000000,0,
51,Male,5,59,199,78325,1.292852793,1,1.0
55,M,5,0,25,14353,1.297461685,1,1.0
38,Male,5,30,96,38700,1.33502867,1,
50,Female,5,20,71,56644,1.4095650770000000,0,1.0
41,Female,5,47,165,133258,1.428970038,1,1.0
17,Female,5,45,145,5714,1.48749092,1,1.0
56,Male,5,48,175,59822,1.553862786,0,
43,Female,5,41,142,79305,1.563648181,1,1.0
36,Male,5,27,65,25688,1.57592956,1,
16,Female,5,41,153,6347,1.6113683110000000,1,1.0
24,Female,5,50,156,43144,1.662766322,1,1.0
55,Male,5,27,70,27526,1.664940461,1,1.0
47,Female,5,0,0,14332,1.8360731070000000,0,0.0
42,Male,5,32,75,59644,1.862299191,0,1.0
48,Male,5,0,0,18954,1.86446341,0,
25,Male,5,31,109,28965,1.8737372960000000,0,
51,Female,5,0,41,42764,1.87614454,0,
25,Male,5,19,64,66182,1.882812419,1,
57,Male,5,20,47,30303,1.893106094,1,1.0
27,Female,5,42,158,48287,1.9502169980000000,1,1.0
43,Male,5,37,122,42927,1.975203791,1,1.0
23,Female,5,29,111,66990,2.147042664,1,1.0
67,Female,5,32,83,31970,2.394355755,1,
19,Male,5,30,93,12033,2.4938069920000000,1,
42,Male,5,45,166,55019,2.51596978,1,1.0
42,Female,5,0,35,37526,2.580120251,0,1.0
20,Male,5,45,142,12039,2.640330468,1,
37,Female,5,34,127,58144,2.6941786060000000,1,1.0
22,Male,5,34,113,65922,2.80994551,0,1.0
56,Male,5,51,199,52894,2.897947887,0,1.0
19,Male,5,49,175,14937,2.97526153,1,1.0
23,Female,5,38,147,53371,3.017867142,0,
23,Female,5,37,63,10776,3.03931546,1,
16,Female,5,52,204,6957,3.108047348,1,
48,Male,5,19,22,12399,3.2216773540000000,1,
23,Female,5,31,109,57644,3.223153494,0,
36,Male,5,32,101,56039,3.223584522,0,
49,Female,5,36,126,51413,3.224240134,0,1.0
54,Male,5,32,95,43637,3.2978530010000000,1,
23,Male,5,39,150,68362,3.3473345080000000,1,
27,Female,5,42,158,84689,3.364248489,1,1.0
24,Female,5,32,106,60461,3.57838659,0,
57,Male,5,46,148,40207,3.734441281,1,
28,Male,5,51,155,51162,3.9843291560000000,0,1.0
18,Female,5,0,0,10336,4.023593655,1,
48,Male,5,60,193,55374,4.051335632,0,
22,Male,5,39,140,81015,4.091573497,0,
40,Female,5,18,29,31811,4.095357114,0,
25,Female,5,41,65,37269,4.150332714,0,
33,Male,5,38,123,40271,4.320751872,1,
47,Female,5,28,95,32980,4.370066568,1,0.0
33,Female,5,43,163,55905,4.502544246,0,1.0
64,Female,5,0,52,33657,4.5704788690000000,1,
29,Female,5,0,39,17454,4.702136374,0,0.0
24,Male,5,0,53,24392,5.042980002,1,
23,Male,5,48,145,51478,5.142996805,1,
57,Male,5,0,30,21038,5.253790988,1,
32,Female,5,47,144,39144,5.4051284490000000,0,
25,Male,5,37,118,65249,5.441949002,1,
19,Female,5,42,158,14454,5.471412723000000,1,
29,Female,5,38,130,43662,5.791980232,1,1.0
66,Female,5,0,52,55227,5.984716485,0,
23,Female,5,45,122,78030,6.026889354,1,1.0
49,Male,5,34,79,50467,6.231551304,0,0.0
25,Female,5,16,24,11088,6.2414026280000000,0,0.0
67,Male,5,41,151,182058,6.288699987,1,
52,Male,5,48,185,41582,6.520663548,0,1.0
38,Male,5,0,0,18467,6.524655275,0,0.0
24,Female,5,62,205,55772,6.583449315,1,
54,Female,5,31,48,28107,6.717171995,1,0.0
33,Female,5,34,96,78058,6.723240672,0,
33,Female,5,28,103,34486,7.355393556,0,1.0
24,Male,5,31,120,53144,7.569241105,1,1.0
58,Male,5,32,89,36097,7.81210855,1,0.0
45,Female,5,0,0,10201,7.875805944,1,0.0
30,Male,5,40,150,113508,8.174177386,1,1.0
53,Female,5,22,58,31003,8.438063155,0,0.0
28,Male,5,52,176,52103,8.525892917,0,1.0
24,Male,5,25,64,28498,9.074018709,0,0.0
25,Male,5,19,37,17695,9.280160115,1,0.0
23,Female,5,38,135,57822,9.517477409,0,0.0
32,Male,5,44,174,45644,9.636763898,0,1.0
28,Male,5,36,133,43674,10.20143178,1,0.0
55,Male,5,39,114,53585,10.35565603,1,0.0
29,Female,5,20,74,29799,10.45506767,0,0.0
45,Female,5,61,201,80260,10.47634065,0,1.0
54,Male,5,44,116,44077,10.69388912,1,0.0
63,Male,5,33,117,43081,10.75519423,1,0.0
20,Female,5,41,159,12522,10.87156648,0,
90,Male,5,39,170,15098,10.89156648,0,1.0