Country Name,Country Code,1960,1961,1962,1963,1964,1965,1966,1967,1968,1969,1970,1971,1972,1973,1974,1975,1976,1977,1978,1979,1980,1981,1982,1983,1984,1985,1986,1987,1988,1989,1990,1991,1992,1993,1994,1995,1996,1997,1998,1999,2000,2001,2002,2003,2004,2005,2006,2007,2008,2009,2010,2011,2012,2013,2014,2015,2016,2017,2018,2019,2020
Aruba,ABW,,,,,,,,,,,,,,,,,,,,,,,,,,,,,,,,48.00999832,,,,,,,,,,,,,,,,44.72999954,,,,,,,,,,,,,
Afghanistan,AFG,,,,,,,,,,,,,,,,,,,,48.34000015,,,,,,,,,,,,,,,,,,,,,,,,,,,,,54.86510086,,,,38.77259827,,48.45880127,,,39.26459885,,,
Angola,AGO,47.79999924,,,,,,,,,,,,,,,,,,,,,,,,,,,,,,,,,,,,,,,,,,,,47.2378006,,,,,42.3608017,57.24000168,57.63410187,,,36.38000107,,,,,,
Albania,ALB,,,,,,,,,,,,,,,,,,,,,,,,,,,,,,,,,,,,,,,,,,,50.15999985,,,,,30.15250015,33.0685997,34.62889862,33.6352005,44.10210037,36.21390152,27.56940079,28.95750046,31.29879951,31.64839935,31.61470032,35.68600082,36.59209824,
Andorra,AND,,,,,,,,,,,,,,,,,,,,,,,,,,,,,,,,,,,,,,,,,,,,,,,58.02999878,52.84999847,46.13999939,,,,,,,,,,,,
Arab World,ARB,,,,,,,,,,,,,,,,,,,,,,,,,,,,,,,,,,,,,,,,,,,,,,,,,,,,,,,29.51263913,,,,,,
United Arab Emirates,ARE,,,,,,,,,,,,,,,,65.86000061,,,,,,,,,,,,,,,,,,,,,,,,,,,,,,49.79999924,,,44.77000046,,,,,,,,,52.84690094,50.82740021,49.15439987,
Argentina,ARG,58.41999817,,,,,,,,,,55.09999847,,,,,,,52.59999847,52.04000092,51.47000122,51.36000061,,,57.45000076,,54.22000122,,53.93000031,,53.84000015,54.20000076,48.08000183,52.70000076,53.09999847,54.09999847,52.25999832,55.70000076,53.09999847,50,49.40000153,,,,,47.27360153,45.2602005,45.50439835,44.59999847,42.55179977,42.38639832,41.05390167,40.91659927,40.52170181,40.10129929,38.60269928,,,38.95560074,39.40610123,39.00419998,
Armenia,ARM,,,,,,,,,,,,,,,,,,,,,,,,,,,,,,,,,,,,,,27.25,,,,,,,,,,22.29759979,33.25849915,,,39.39519882,32.60770035,39.68009949,37.57410049,39.47100067,34.65209961,35.11790085,35.61589813,,
American Samoa,ASM,39.36000061,,,,,,,,,,,,,,27.89999962,,,,,,23.28000069,,,,,,,,,,30.77000046,,,,,,,,,,,,,,,,,,,,,,,,,,,,,,
Antigua and Barbuda,ATG,,,,,,,,,,,62.70999908,,,,,,,,,,,,,,,,,,,,,,,,,,,,,,,51.00999832,,,,,,,,,,,,,,,,,,,
Australia,AUS,,70.13999939,,,,,69.83999634,,,,,63.97999954,,,,,64.68000031,,,70.47370148,72.17520142,72.15809631,71.75289917,71.29029846,71.01979828,71.21669769,72.00579834,71.29450226,71.0381012,72.09380341,72.10359955,69.65679932,69.38639832,68.72579956,70.5759964,71.64040375,71.66349792,70.05989838,69.86969757,69.92449951,70.1812973,70.67120361,69.97570038,70.22180176,70.13980103,70.81020355,70.80139923,70.76029968,70.74749756,69.10030365,68.42549896,68.1391983,67.51909637,66.82279968,66.56269836,67.26409912,66.78569794,66.89440155,67.83879852,68.11270142,
Austria,AUT,,80.30999756,,,,,,,,,,70.58999634,,,,,,,,,59.11000061,68.55000305,60.77999878,61.56999969,64.41999817,63.41999817,64.08999634,65.68000031,64.44000244,63.58000183,63.20999908,63.61000061,64.36000061,61.70999908,62.2519989,61.74290085,59.61930084,58.41230011,58.54859924,58.3667984,56.07490158,54.68420029,55.74290085,54.70600128,55.65179825,58.00230026,57.92819977,59.42060089,59.51610184,59.50159836,58.27600098,59.19589996,59.24010086,58.77489853,58.0279007,57.42789841,57.46640015,56.08620071,56.65190125,56.41839981,
Azerbaijan,AZE,,,,,,,,,,,,,,,,,,,,,,,,,,,,,,,,,,,,,,,,51.36999893,,,,,,,,40.38000107,36.86000061,35.38999939,33.36000061,33.15999985,,,,,,,,,
Burundi,BDI,,,,,,,,,,,,,,,,,,,,91.47000122,,,,,,,78.16000366,,,,81.62999725,,,,,,,,70.68000031,,,,,,,,,,49.75999832,,,,,,52.90000153,,,,,,
Belgium,BEL,,57.15999985,,,,,,,,,55.09999847,,,,,,,,,,,22.19000053,,43.86880112,42.23960114,42.32509995,42.71509933,41.5041008,37.67499924,35.99430084,35.54320145,36.48139954,36.21350098,34.40840149,35.19309998,33.87879944,32.76620102,32.0326004,32.63399887,32.86980057,35.73070145,33.61090088,33.83390045,33.50740051,34.02679825,35.01610184,34.69530106,33.86650085,33.4029007,32.44290161,32.50970078,31.9822998,31.47900009,30.98870087,30.19490051,30.00239944,28.45820045,28.08099937,29.62599945,30.98270035,
Benin,BEN,,,,,,,,,,,,,,,,73.61000061,,,,50.09999847,,,,,,,52.75,,,,,,66.26000214,,,,,,,,,45.34000015,58.11999893,53.90999985,,,,,,,40.58000183,43.03950119,,,,,,,,,
Burkina Faso,BFA,,,,,,,,,,,,,,,,,,,,,,,,,,82.19999695,,,,,,79.01000214,,,,,,,,,,,,,,,65.94000244,,,,,,,,51.64379883,,,,25.54450035,,
Bangladesh,BGD,,50.65999985,,,,,,,,,,,,,40.38000107,,,,,,,37.90000153,,,42.36999893,42.97000122,43.27999878,,,67.98999786,,69.22000122,,,,,62.63000107,,,,61.95000076,,,51.61000061,,,46.62039948,,,,46.46699905,,,45.41699982,,,38.04000092,40.46480179,,,
Bulgaria,BGR,,,,,,52.70999908,,,,,,,,,,51.43000031,,,,,,,,,,,,,,,,,47.13000107,,,,,31.10000038,,,30.67499924,34.66270065,31.83690071,29.22839928,29.50349998,27.86860085,28.86669922,28.89319992,30.13199997,29.53650093,31.15970039,29.45369911,30.43330002,29.6439991,27.21360016,25.95969963,23.88669968,26.29850006,23.68770027,23.91290092,
Bahrain,BHR,,,,,,,,,,,,37.66999817,,,,,,,,,,44.47999954,,,,35.13000107,,35.33000183,,,,43.29999924,,,,,,,,,,41.54000092,,,38.97999954,,,,,,41.02000046,39.34000015,,,,43.13999939,,,,,
"Bahamas, The",BHS,,,,70.94999695,,,,,,,65.88999939,,,,,,,,,,57.93999863,,,,,,,,,,57.72999954,,,,57.77000046,,,,54.84000015,,,,,,,,,,,,,,,,,,,,,,
Bosnia and Herzegovina,BIH,,,,,,,,,,,,,,,,,,,,,,,,,,,,,,,,,,,,,,,,,,,,,,,33.09329987,33.06110001,32.85409927,32.26879883,32.68569946,31.20210075,29.2451992,28.11709976,29.00379944,32.10300064,30.20669937,32.18870163,32.11429977,34.87860107,
Belarus,BLR,,,,,,,,,,,,,,,,,,,,,,,,,,,,,,54.00999832,,,,,,,,,,44.74000168,,,,,,,,,,48.20000076,,,,,,,,,,,
Belize,BLZ,51.72999954,,,,,,,,,,14.42000008,,,,,,,,,,,,,,,,,,,,,,,,46.77000046,,,,,,,,,,,,,,,,,,53.18000031,46.01580048,47.94060135,46.13019943,46.37189865,46.93050003,,,
Bermuda,BMU,,,,,,,,,,,68.06999969,,,,,,88.02999878,,,,71.51999664,,,,,,,,,,,55.36000061,,,,,,,,,50.40999985,,,,,,,,,,,,,,,,,,,,
Bolivia,BOL,,,,,,,,,,,,,,,,,45.36000061,,,,46.61999893,46.38000107,46.16999817,,,44.65999985,45,44.97000122,,,44.75999832,,49.45000076,,,45.40999985,44.09999847,52.75999832,,,51.59999847,,,,,49.22570038,54.77560043,,51.08179855,50.66910172,,52.56499863,44.83560181,46.04930115,51.39599991,44.06259918,43.53929901,44.53590012,49.60549927,49.08150101,
Brazil,BRA,51.24000168,,,,,,,,,,49.52999878,,,61.93999863,,,,,,,55.33000183,,,,,63.77999878,63.99000168,64.83999634,64.27999878,64.06999969,63.95000076,63.95000076,67.19000244,66.37999725,,63.64500046,61.27170181,61.77220154,61.79199982,62.03020096,,61.41910172,62.53979874,62.29069901,63.5019989,64.92220306,63.43370056,63.15819931,62.69950104,62.28739929,,58.74349976,56.18880081,54.90890121,53.83319855,53.79550171,54.07460022,54.99950027,55.2582016,55.89139938,
Barbados,BRB,,,,,,,,,,,64.41000366,,,,,,,,,,67.30999756,,,63.52999878,,,60.50999832,61.27999878,62.77000046,66.51000214,65.06999969,60.61999893,62.13999939,,62.88999939,64.65000153,64.34999847,61.86000061,,,,,,57.06000137,57.65999985,,,,,,,52.95999908,47.16999817,47.20000076,46.31999969,44.18000031,45.50999832,,,,
Brunei Darussalam,BRN,42.90000153,,,,,,,,,,,40.00999832,,,,,,,44.54000092,,,49.38000107,,,,,43.88000107,,,,,47.02999878,,,,,,,,,,49.25,,,,,,,,,,,,,36.41270065,,,39.29130173,40.65879822,39.8158989,
Bhutan,BTN,,,,,,,,,,,,,,,,,,,,,,,,,,,,,,,,,,,,,,,,,,,,,,47.70999908,40.59999847,,,48.59999847,40.38000107,37.97000122,32.31000137,,26.90999985,29.62000084,,,,,
Botswana,BWA,,,,,,,,,,,,,,,,,,,,,,59.36000061,,,,61.33000183,,,,,,45.61000061,,,46,,34.39410019,,41.20000076,,38.93000031,37.63000107,,,,,41.78939819,,,39.33589935,38.43000031,,,46.20000076,,,,,,,
Central African Republic,CAF,,,,,,,,,,,,,,,,,,,,,,,,,,,,,64.26999664,,,,,,,,,,,,,,,,,,,,,,,,,,,,,,,,
Canada,CAN,,51.58000183,,,,,,,,,,57.34000015,,,,,63.55310059,64.62390137,65.62509918,67.43309784,68.56240082,69.25279999,67.31929779,67.60759735,67.96679688,68.60169983,69.7437973,70.3082962,70.59010315,71.16339874,69.91690063,68.12509918,66.15589905,64.43009949,63.91910172,63.15869904,62.24160004,61.4695015,61.81129837,63.46269989,64.39209747,64.66329956,66.53070068,67.33399963,66.84410095,65.87039948,66.23789978,66.98000336,67.34470367,65.33869934,64.49140167,64.51709747,63.51179886,63.83029938,64.1957016,64.23609924,63.72969818,63.91339874,63.33879852,64.58370209,
Central Europe and the Baltics,CEB,,,,,,,,,,,,,,,,,,,,,,,,,,,,,,,,,49.52981521,,,44.95937719,43.24645762,40.05346131,40.53342991,39.39321294,38.90805698,38.94944668,36.95662201,35.01969198,34.53998105,33.37122477,32.58548691,31.99355123,31.98832938,32.14165544,32.3832043,31.36902507,31.63940911,31.60078644,32.08858589,32.19597763,32.39292907,33.08280825,32.66119653,32.40500677,
Switzerland,CHE,73.37000275,,,,,,,,,,70.72000122,,,,,,,,,,66.94999695,,,,,,,,,,69.15000153,71.60500336,70.74900055,72.5039978,67.97499847,66.19200134,67.84329987,67.28320313,67.43119812,68.97409821,68.42199707,67.76609802,69.26329803,69.35299683,67.05690002,65.65550232,68.61820221,67.40519714,67.13230133,67.29560089,68.11399841,68.5358963,67.58390045,68.01119995,67.90419769,67.51850128,68.35489655,68.66899872,67.99019623,66.47840118,
Channel Islands,CHI,,,,,,,,,,,,,,,,,,,,,,,,,,,,,,,,,,,,,,,,,,,,,,,,,,,,,,,,,,,,,
Chile,CHL,50.63000107,,,,,,,,,,42.86000061,,,,,,,,,,38.54000092,37.77000046,38.68000031,37.38000107,38.88999939,40.74000168,39.43999863,,39.27000046,38.86000061,39,37.68999863,38.61999893,41.18000031,41.68000031,39.08000183,43.59600067,42.94599915,41.35300064,40.35900116,38.55699921,37.06299973,36.31100082,36.08399963,36.35100174,36.20000076,36.61800003,37.14500046,39.53699875,38.42900085,37.69630051,38.59550095,37.32410049,36.51589966,36.23899841,35.9844017,34.73040009,34.19670105,33.66139984,31.63249969,
China,CHN,,,,,,,,,,,,,,,,,,,,,,,82.83999634,,,,,,,,78.29000092,,,,,,,,,,67.91999817,,,,,,,,,,57.38000107,,,,,,,,,,
Cote d'Ivoire,CIV,,,,,,,,,,,,,,,,,,,,,,,,,,,,,55.58000183,,,,,,,,,,51.56999969,,,,,,,,,,,,,,50.98590088,50.87080002,,,36.19250107,29.25090027,,,
Cameroon,CMR,,,,,,,,,,,,,,,,,49.68999863,,,,53.38000107,,51.47999954,,,48.09000015,,,,,,,,,,,47.59999847,,,,,49.29999924,,,,,,,,,56.91999817,,,,48.51520157,,,,,,
"Congo, Dem. Rep.",COD,,,,,,,,,,,,,,,,,,,,,,,,,,,,,,,,,,,,,,,,,,,,,,45.1692009,,,,,,,35.94329834,,,,,,,,
"Congo, Rep.",COG,,,,,,,,,,,,,,,44.52000046,,,,,,,,,,29.20999908,,,,,,,,,,,,,,,,,,,,,42.49760056,,,,,,,,,,,,,,,
Colombia,COL,,,,,48.88000107,,,,,,,,,45.49000168,,,,,,,,,,,,36.79000092,,,,,,,,43.74000168,,,,,,,,57.12799835,57.39699936,57.70500183,54.79800034,53.2120018,,48.80799866,48.32699966,52.13700104,52.83819962,54.07600021,55.43610001,54.29800034,54.27830124,54.58209991,53.55400085,53.14139938,52.65599823,50.80179977,
Comoros,COM,,,,,,,,,,,,,,,,,,,,,39.38000107,,,,,,,,,,,,,,,,,,,,,,,,15.70629978,,,,,,,,,,14.67770004,,,,,,
Cabo Verde,CPV,,,,,,,,,,,,,,,,,,,,,30.30999947,,,,,,,,,,63.5,,,,,,,,,,,,,,,,,,,,,,,,,45.37229919,,35.77999878,32.59999847,31.79000092,
Costa Rica,CRI,,,,52.75,,,,,,,,,,45.65999985,,,,,,,,,,,45.49000168,,,,,,54.86899948,53.48699951,51.74599838,53.16899872,52.39699936,53.25799942,49.33499908,50.82600021,53.59799957,51.24599838,50.3769989,51.85599899,50.1230011,51.1969986,48.20999908,49.13100052,49.75799942,51.91400146,49.72100067,47.68799973,44.64680099,43.31079865,47.96789932,47.417099,47.73799896,45.48020172,42.27799988,42.38570023,45.22090149,44.99200058,
Caribbean small states,CSS,,,,,,,,,,,53.91642005,,,,,,,,,,40.02625413,,,,,,,,,,52.48303112,,,,,51.75978043,,,,44.69055305,,,46.63261423,,,,,,,,,36.91667678,37.82944384,37.92988152,37.05379632,37.00246296,39.01537008,,,,
Cuba,CUB,,,,,,,,,,,44.59999847,,,,,,,,,,,37.25,,,,,,,,,,,,,,,,,,,,,,,,,,,38.45999908,,,,,,,,,,,,
Curacao,CUW,,,,,,,,,,,,,,,,,,,,,,,,,,,,,,,,,,,,,,,,,,,,,,,,,,,,30.51000023,,37.24000168,24.97999954,28.72999954,,,29.84000015,,
Cayman Islands,CYM,63.45999908,,,,,,,,,,,,,,,,,,,,,,,,,,,,,73.75,,73.63999939,,,,,,,,,,,,,,53.68999863,56.29000092,54.59000015,57.79999924,,,52.36999893,58.13000107,55.15000153,48.29000092,55.38999939,,,,,
Cyprus,CYP,59.84999847,,,,,,,,,,,,,,,,42.99000168,,,,,,,,,,,,57.93999863,62.40999985,61.75999832,62.41999817,51.70000076,,,55.06000137,,,,,40.83980179,42.44739914,39.73870087,41.15940094,40.88710022,42.59109879,41.51119995,41.65850067,41.72719955,40.35319901,40.55239868,38.83760071,38.93560028,38.39149857,40.3166008,37.90230179,37.18519974,36.62860107,39.20280075,38.82329941,
Czech Republic,CZE,,,,,,,,,,,,,,,,,,,,,,,,,,,,,,,,58.11999893,,51.25400162,52.01499939,50.56100082,49.34000015,45.87670135,46.34619904,45.90090179,43.8844986,41.05400085,38.3205986,35.82789993,34.55260086,33.99100113,33.53990173,31.92309952,31.14319992,31.84410095,30.87879944,29.93190002,31.29929924,31.5468998,32.19889832,32.47750092,31.97970009,31.65169907,30.40640068,29.71269989,
Germany,DEU,,,,,,,,,,,,,,,,,,,,,,,,50.40779877,57.17449951,58.32640076,59.30450058,59.46459961,60.58229828,59.51670074,60.66849899,60.45569992,58.29850006,56.22050095,54.9070015,52.46480179,50.37530136,49.66559982,50.0033989,50.75699997,50.40589905,50.38660049,50.01129913,49.46030045,47.45690155,49.62829971,50.44929886,51.54249954,52.15729904,51.76309967,51.27909851,52.41059875,50.69919968,50.84500122,49.92359924,48.82249832,49.21549988,49.86460114,50.27560043,51.44829941,
Djibouti,DJI,,,,,,,,,,,,,,,,,,,,,,,,,,,,,,,,,,,,,,,,,,,,,,,,,,,,,,,,,,,,,
Dominica,DMA,,,,,,,,,,,,,,,,,,,,,,58.45000076,,,,,,,,57.13999939,,,,,,,,58.63000107,,56.66999817,,43.15999985,,,,,,,,,,,,,,,,,,,
Denmark,DNK,72.83000183,,,,,70.08000183,,,,,64.12999725,,,,61.88999939,,61.31000137,61.58000183,61.54000092,60.97000122,,68.91999817,,65.26750183,74.07029724,75.59130096,75.21900177,75.56040192,75.96980286,75.34459686,73.47769928,73.1608963,72.01239777,70.52839661,69.09970093,73.21099854,73.7621994,74.23760223,71.55680084,73.33860016,71.89150238,67.21369934,68.81860352,65.86509705,66.43219757,68.13510132,69.9382019,70.61129761,69.0789032,67.85700226,63.97280121,63.35760117,60.98960114,58.12279892,58.26940155,58.45349884,59.53659821,60.38140106,60.06819916,61.12779999,
Dominican Republic,DOM,44.04000092,,,,,,,,,,45.06000137,,,,,,,,,43.45999908,,41.81000137,,,,,,,,,,60.59999847,66.59999847,44.88999939,55.20000076,,53.38999939,54.93000031,52.18999863,,45.23329926,43.70640182,43.91880035,41.16930008,41.77959824,41.16619873,41.08739853,41.55989838,41.99840164,37.42340088,38.5746994,40.53559875,41.18360138,41.04710007,40.86569977,44.04579926,44.72180176,43.60039902,44.66849899,45.47669983,
Algeria,DZA,,,,,,,38.54999924,,,,,,,,,39.06999969,,29.04999924,,,,,,,,26.92000008,,34.56000137,,,,,,,,,40.68999863,,,,,,,,,,,,,28.25,28.19000053,26.78000069,,,25.28499985,25.19140053,24.6128006,19.5,,,
East Asia & Pacific (excluding high income),EAP,,,,,,,,,,,,,,,,,,,,,,,82.59504981,,,,,,,,73.76194402,,,,,,,,,,63.12664115,,,,,,,,,,54.89333559,,,,,,,,,,
Early-demographic dividend,EAR,,,,,,,,,,,,,,,,,,,,,,,,,,,,,,,,46.68848439,,,47.93314853,,,,,,46.29051486,43.57850876,,,,44.65931791,,,,,39.11782165,,36.95310879,,,,,,33.08915718,,
East Asia & Pacific,EAS,,,,,,,,,,,,,,,,,,,,,,,77.91187565,,,,,,,,70.76560117,,,,,,,,,,61.26389783,,,,,,,,,,53.7338817,,,,,,,,,,
Europe & Central Asia (excluding high income),ECA,,,,,,,,,,,,,,,,,,,,,,,,,,,,,,50.97606143,,,,,,48.9961138,,,43.97694246,45.08500843,,40.71382533,40.89822348,39.21685926,39.70068281,,,37.39389793,39.53152623,39.18112999,38.8121143,39.24059062,37.95670734,38.56832339,38.5943208,38.44564509,37.76775462,37.7813669,37.41650383,37.62150758,
Europe & Central Asia,ECS,,,,,,,,,,,,,,,,,,,,,,,,,,,,,,53.54153973,,,52.1195378,49.63052564,48.83495838,47.68795761,46.53180073,44.71283552,44.91041302,45.50292168,44.77967802,43.63754178,43.44355044,42.30430633,42.56085638,42.20103593,41.87743628,41.82529066,42.69726716,42.14440903,41.70215607,41.67662087,41.1566232,41.26419981,40.89964026,40.82182601,40.5199649,40.62256549,40.51979564,40.7012825,
Ecuador,ECU,,,52.68999863,,,,,,,,,,,,45.20000076,,,,,,50.91999817,50.63999939,39.22000122,,,,,,45.45999908,45.34000015,43.88000107,,,,,,47.95999908,47.79999924,52.43000031,,51.8205986,59.22299957,49.97999954,52.72800064,54.02500153,52.48040009,54.33710098,50.90029907,50.78229904,47.65589905,44.69020081,41.75059891,43.00270081,41.11090088,40.15390015,42.77719879,44.80709839,45.23970032,43.9966011,43.95529938,
"Egypt, Arab Rep.",EGY,43.41999817,,,,,,,,,,,,,31.67000008,,31.31999969,35.27999878,30.93000031,31.78000069,30.79999924,30.44000053,,,37.77999878,36.43000031,,35.75999832,,,35.70000076,33.24000168,30.43000031,31.84000015,32.65000153,33.27999878,33.54000092,,,30.31999969,34.02999878,,28.20999908,29.89999962,,,36.27000046,33.75999832,33.63999939,35.48730087,35.34700012,34.73469925,33.47520065,33.56940079,34.46260071,33.78680038,32.03319931,31.38509941,28.97859955,24.48620033,,
Euro area,EMU,,,,,,,,,,,,,,,,,,,,,,50.70863326,,50.60929068,52.94962462,52.28253656,52.1482109,52.71411823,52.20864649,51.2481422,50.99244094,49.64102671,47.53798423,45.96046152,44.7986436,43.72297467,42.80213345,42.5310044,43.1729045,44.01583728,44.10722578,43.67634542,43.81604014,43.58598076,43.26654911,43.6432959,43.64840532,44.11400806,44.18953273,43.36871886,42.29811565,41.92943171,41.47450638,41.02191502,40.19811342,39.83610452,39.71437082,39.82643545,40.07623514,40.26704435,
Eritrea,ERI,,,,,,,,,,,,,,,,,,,,,,,,,,,,,,,,,,,,,,,,,,,,,,,,,,,,,,,,,,,,,
Spain,ESP,54.77000046,,,,,,,,,,55.84999847,,,,,,,56.34000015,55.47000122,54.41999817,53.38999939,52.75,52.45000076,51.72000122,51.52999878,50.25999832,46.60419846,49.39590073,49.68030167,47.62229919,47.04470062,45.36019897,44.5080986,43.05450058,43.23929977,41.57450104,40.58229828,40.7663002,41.0603981,42.01869965,43.11270142,42.38249969,43.62900162,44.37789917,44.8832016,47.91669846,48.17060089,47.88529968,47.69509888,45.03929901,42.66080093,40.91609955,39.02600098,37.77489853,35.71440125,34.7173996,33.0461998,33.32970047,32.98339844,32.98740005,
Estonia,EST,,,,,,,,,,,,,,,,,,,,,,,,,,,,,,53.31000137,52.57899857,51.83499908,50.92300034,50.52899933,53.2480011,49.1269989,46.93999863,44.2743988,40.98379898,37.01520157,37.51350021,36.25379944,31.85140038,39.42279816,39.87659836,36.19900131,35.72769928,37.93560028,40.84389877,39.03530121,37.7737999,40.03620148,40.77750015,39.80879974,39.20119858,41.75859833,43.26549911,46.0848999,47.32569885,44.64659882,
Ethiopia,ETH,,,,,,,,,,,,,,,,,,,,,,,,,,,,,,,,,,,72.94999695,,,,,62.91740036,,,,,,75.53130341,,,,,,,,74.89649963,,,,,,,
European Union,EUU,,,,,,,,,,,,,,,,,,,,,,,,51.21797245,53.5974436,52.99182836,52.89583979,53.42712354,51.77240106,52.08241851,51.80321983,50.59153595,48.52744726,46.09448136,44.99815165,44.38266112,43.18559417,42.02760794,42.66452419,43.05399281,42.95901435,42.88076672,42.41075017,41.67861727,41.36704812,41.41990496,41.30095177,41.55003281,41.66381068,41.15890079,40.49259606,40.06102612,39.79420235,39.50191769,39.06265205,38.83300031,38.82833986,39.08038353,39.19455749,39.39634349,
Fragile and conflict affected situations,FCS,,,,,,,,,,,,,,,,,,,,,,,,,,,,,,,,,,,,,,,,,,,,,,,,,,,,,,,,,,,,,
Finland,FIN,60.86000061,,,,,,,,,,55.02999878,,,,,,45.13999939,,,52.83000183,23.70999908,53.79000092,57.95999908,,58.27000046,,,,,,60.61500168,57.14300156,52.34400177,49.68500137,46.27600098,49.62639999,47.45090103,48.44449997,49.74860001,63.01580048,63.33039856,62.89780045,62.34730148,61.38980103,59.75669861,50.66770172,51.80260086,53.42060089,53.47389984,50.44129944,49.37559891,50.51839828,51.5992012,51.83110046,52.06269836,52.20840073,52.1882019,53.23690033,53.0848999,53.8891983,
Fiji,FJI,,,,,,,45.65999985,,,,,,,,,,45.29000092,,,,,,50.04000092,,,,49.86999893,,,,,,,,,,44.38000107,,,,,,,,,36.85409927,,,,,,38.8553009,,,38.06999969,,39.42409897,,,,
France,FRA,,,48.33000183,,,,,,51.06999969,,,,,,,46.09999847,,,,47.59000015,47.04999924,46.11999893,46.27999878,53.2193985,52.01520157,51.4054985,51.2820015,49.5802002,46.41529846,45.24720001,44.56869888,39.91460037,39.47990036,38.03329849,36.39300156,35.49000168,34.96279907,33.91389847,33.94660187,35.80970001,35.48130035,35.75310135,36.88809967,37.14250183,36.69499969,38.07289886,38.08309937,38.41880035,38.49160004,39.55860138,38.9095993,37.93190002,37.40930176,37.37810135,36.46310043,37.20289993,37.04330063,36.90209961,37.53469849,36.90639877,
Faroe Islands,FRO,80.69000244,,,,,,26.45000076,,,,66.58000183,,,,,,,58.31999969,,,,,,,,,,,,,,,,,,,,,,,,,,,,,,,,,,,,,,,,,,,
"Micronesia, Fed. Sts.",FSM,,,,,,,,,,,,,,,,,,,,,,,,,,,,,,,,,,,,,,,,,,,,,,,,,,,,,,,40.74710083,,,,,,
Gabon,GAB,,,,,,,,,,,,,,,,,,,,,,,,,,,,,,,,,,34.86999893,,,,,,,,,,,,,,,,,18.26000023,,,,,,,,,,
United Kingdom,GBR,,75.38999939,,,,,72.20999908,,,,,67.12000275,,,,,,,,,,62.83000183,,64.30780029,66.207901,69.59069824,69.76740265,70.76370239,71.12249756,72.64900208,71.78800201,70.11949921,67.89620209,66.00669861,64.62779999,63.65430069,64.38880157,64.30940247,63.84790039,63.00529861,63.4070015,61.88999939,62.38639832,61.17879868,61.5603981,62.21670151,62.30540085,61.39179993,61.24100113,59.21820068,58.4435997,58.21260071,58.63679886,58.32049942,57.80950165,58.5245018,58.33570099,57.48350143,57.09199905,56.63949966,
Georgia,GEO,,,,,,,,,,,,,,,,,,,,,,,,,,,,,,,,,,,,,,,,37.15999985,37.04999924,36.38000107,34.77999878,38.22000122,32.20999908,33.81000137,30.70000076,31.20000076,36.15999985,38.52119827,39.43889999,41.22679901,41.70349884,40.74879837,41.44620132,42.37319946,39.88460159,44.4382019,40.44250107,38.07839966,
Ghana,GHA,63.88999939,,,,,,,,,,54.86999893,,,,,,,,,,,,,,,,,,,41.70000076,,,46.70000076,,,,,,68.13999939,68.09999847,53.79000092,,,,,,31.68000031,,,,44.61000061,,,53.90750122,,43.42660141,,31.89789963,,,
Gibraltar,GIB,,,,,,,,,,,74.54000092,,,,,,,,,,,69.87999725,,,,,,,,,,,,,,,,,,,,,,,,,,,,,,,,,,,,,,,
Guinea,GIN,,,,,,,,,,,,,,,,,,,,,,,,51.31000137,,,,,,,,,,,,,,,,,,,47.21340179,,,,,,,,,,,,,,,,,,
"Gambia, The",GMB,,,,,,,,,,,,,,,,,,,,,,,,66.36000061,,,,,,,,,,40.65000153,,,,,,,,,,,,,,,,,,,41.38909912,,,,,,17.20439911,,
Guinea-Bissau,GNB,,,,,,,,,,,,,,,,,,,,32.06999969,,,,,,,,,,,,,,,,,,,,,,,,,,,,,,,,,,,,,,,,,
Equatorial Guinea,GNQ,,,,,,,,,,,,,,,,,,,,,,,,63.04000092,,,,,,,,,,,,,,,,,,,,,,,,,,,,,,,,,,,,,
Greece,GRC,,55.08000183,,,,,,,,,,39.88999939,,,,,,,,,,31.70000076,31.70999908,42.71269989,41.51269913,40.55889893,38.92210007,38.20009995,39.2018013,39.90499878,39.44110107,38.51350021,37.88040161,37.50619888,36.94900131,36.70899963,36.93690109,35.50009918,40.32160187,39.73180008,38.73059845,36.37659836,36.24140167,34.9341011,37.27230072,33.69010162,32.18740082,30.98159981,30.0522995,30.6583004,30.02269936,29.11849976,29.12140083,28.38290024,28.02429962,25.97130013,24.64529991,25.04859924,23.27079964,22.47109985,
Grenada,GRD,,,,,,,,,,,,,,,,,,,,,,,,,,,,,62.59000015,,,,,,,,,,60.5,,,,,,,,,,,,,,,,,,,,,,
Greenland,GRL,23.82999992,,,,,,,,,,74.5,,,,,,48.40999985,,,,,,,,,,,,,,,,,,,,,,,,,,,,,,,,,,,,,,,,,,,,
Guatemala,GTM,,,,,50.75999832,,,,,,,,,47.58000183,,,,,42.22000122,46.79999924,49.29999924,43.18000031,,,,45.02999878,,54.00999832,,53.49000168,,,,,44.68999863,,,,,52.54999924,,,,62.94229889,55.11410141,,59.13000107,,,,51.0298996,53.26190186,57.91569901,49.84180069,51.6108017,52.24079895,52.51599884,52.47679901,,,
Guam,GUM,54.83000183,,,,,,,,,,62.5,,,,,,,,,,58.91999817,,,38.27000046,,,46.61000061,,48.13000107,,66.91999817,,,,,,,,,,,,43.59999847,,47.09999847,51.40000153,51.70000076,44.79999924,,44.40000153,,46.09999847,,,,,,,,,
Guyana,GUY,,,,,,,,,,,,,,,,,,,,,52.65999985,,,,,,,53.15000153,,,,,,51.45999908,,,,,,,,,48.83000183,,,,,,,,,,,,,,,,48.64659882,,
High income,HIC,,,,,,,,,,,,,,,,,,,,,56.41836275,56.73314433,55.5884432,55.83976967,56.77171428,56.58014314,56.63811708,56.97150996,55.64161656,56.13145577,55.58621838,54.8867804,53.35172626,52.85373822,52.69234893,51.9810744,51.52652224,51.07717273,51.14526633,50.47069776,50.67405544,50.26445441,49.73673438,49.7960783,49.73431363,49.75577123,48.79124097,48.42052063,48.17324693,47.09312918,47.12470115,45.92691483,46.05362761,45.87109163,45.85982784,45.80284746,46.02876023,47.33966605,46.60769369,47.96738851,
"Hong Kong SAR, China",HKG,,62.77999878,,,,,60.65000153,,,,,65.15000153,,,,65.01000214,66.48000336,,,61.13999939,63.29999924,66.31999969,63.74000168,65.22000122,65.91000366,62.38000107,62.68000031,61.11999893,59.70999908,57.95000076,56.77000046,56.09999847,54.65000153,53.68999863,52.45999908,50.27000046,50.25,49.49000168,49.27999878,47.5,45.59999847,44.91999817,44.86000061,44.43000031,44.29000092,43.86999893,42.88999939,42.70999908,40.70000076,39.22000122,36.04999924,36.34999847,36.95000076,38.86999893,38.5,40.22999954,40.68000031,,,,
Honduras,HND,,,,,,,,,,,,,,,47.88000107,,,,,,,,,,,,,,,,,,,48.59999847,51.79999924,,,,,58.77999878,,53.93000031,52,52.20000076,,52.70679855,49.80390167,48.32860184,49.43980026,50.42910004,51.46649933,49.88750076,48.11029816,53.18230057,53.79729843,54.58509827,53.3791008,54.96960068,57.56800079,53.77890015,
Heavily indebted poor countries (HIPC),HPC,,,,,,,,,,,,,,,,,,,,,,,,,,,,,,,,,,,,,,,,,,,,,,,,,,,,,,,,,,,,,
Croatia,HRV,,,,,,,,,,,,,,,,,,,,,,,,,,,,,,,,45.22999954,,,,,,,,,,,40.38339996,38.43220139,40.02959824,38.13610077,35.9068985,36.61420059,36.6352005,36.29320145,35.85150146,32.46340179,30.08720016,29.86560059,33.63059998,33.19079971,37.23699951,35.68389893,33.4939003,33.20360184,
Haiti,HTI,,,,,,,,,,,,71.73000336,,,,,,,,,58.58000183,,51.25,,,52.5,,,,,46.15000153,,,,,39.72999954,,,,,33.93999863,,,,,36.06999969,,,,,,,,,,,,,,,
Hungary,HUN,62.88999939,,,,,,,,,,61.90999985,,,,,,,,,,61.47999954,,,,,,,,,,51.52999878,,43.57899857,40.85900116,38.96500015,38.4129982,33.93790054,34.39400101,39.63029861,39.7845993,37.75419998,34.0727005,32.32440186,30.58270073,27.25020027,27.07290077,26.7215004,25.72870064,25.12759972,24.65889931,24.80349922,24.28750038,25.69420052,27.38599968,29.52319908,31.01819992,32.2901001,32.43790054,32.26319885,32.1894989,
IBRD only,IBD,,,,,,,,,,,,,,,,,,,,,,,,,,,,,,,,,,,,,,,,,53.2477814,,,,,,,,,,44.82932804,,,,,,,,,,
IDA & IBRD total,IBT,,,,,,,,,,,,,,,,,,,,,,,,,,,,,,,,,,,,,,,,,52.96840952,,,,,,,,,,44.86443523,,,,,,,,,,
IDA total,IDA,,,,,,,,,,,,,,,,,,,,,,,,,,,,,,,,,,,,,,,,,,,,,,,,,,,,,,,,,,,,,
IDA blend,IDB,,,,,,,,,,,,,,,,,,,,,,,,39.03710062,,,38.65117699,,,,,37.15458148,,,,,,,,,,,,,41.88581681,,,,,,,37.45535694,,33.27595319,,,,,,,
Indonesia,IDN,,51.22000122,,,,,,,,,,46.75,,,,,,,,,46.52999878,,,,,,,,,,50.98490143,51.37939835,51.46709824,50.06650162,52.97480011,,52.12889862,50.65999985,50.2804985,51.6026001,51.80160141,50.66680145,50.05239868,49.2765007,50.41189957,47.61380005,48.61439896,50.56560135,49.36669922,48.05089951,47.12549973,46.76919937,48.06850052,47.05699921,45.87919998,46.30049896,46.26369858,46.6026001,47.59529877,48.06520081,
IDA only,IDX,,,,,,,,,,,,,,,,,,,,,,,,,,,,,,,,,,,,,,,,,,,,,,,,,,,,,,,,,,,,,
Isle of Man,IMN,,,,,,,,,,,,69.66999817,,,,,60.31999969,,,,,64.91999817,,,,,,,,,,63.15000153,,,,,56.34000015,,,,,58.58000183,,,,,52.18999863,,,,,55.49000168,,,,,55.43999863,,,,
India,IND,,,,,,,,,,,,42.81000137,,,,,,,,,,54.65000153,,,,,,,,,,44.63999939,,,46.32580185,,,,,,44.29990005,42.43000031,,,,43.7582016,,,,,35.6446991,,32.57400131,,,,,,26.5781002,,
Not classified,INX,,,,,,,,,,,,,,,,,,,,,,,,,,,,,,,,,,,,,,,,,,,,,,,,,,,,,,,,,,,,,
Ireland,IRL,,71.05999756,,,,,69.47000122,,,,,63.20000076,,,,64.5,,60.13999939,,,,60.59000015,,60.42169952,59.04560089,57.73699951,56.35559845,54.37810135,52.23139954,50.8404007,49.94369888,49.03749847,46.03910065,46.68669891,46.3757019,44.95560074,43.46879959,45.57229996,48.50180054,50.5943985,51.4314003,49.86009979,48.73400116,49.41839981,48.88019943,53.28279877,54.99020004,69.37180328,65.96369934,60.05929947,53.86199951,51.36940002,50.27289963,49.88999939,48.05490112,47.42340088,50.46210098,46.68560028,46.72050095,47.06169891,
"Iran, Islamic Rep.",IRN,,,,,,,45.47000122,,,,,,33.40000153,,,,41.75999832,,,,,,,,,,38.84999847,,,,,37.27000046,,,,,30.72999954,,,,,,,,,35.13999939,,31.56999969,29.20000076,29.62000084,29.26000023,,,,24.64999962,25.06999969,26.62000084,27.78000069,27.25,,
Iraq,IRQ,,,,,,,,,,,,,,,,,,39.61000061,,,,,,,,,,35,,,,,,,,,,36.04000092,,,,,,,,,,31.4435997,,,,,29.96339989,,31.05999947,,29.12000084,27.39999962,,,
Iceland,ISL,62.40000153,,,,,,,,,,,,,,,67.25,67.36000061,67.44000244,,72.12000275,,72.08999634,72.22000122,74.70999908,,,,,,,,59.48600006,60.48600006,58.1609993,58.47700119,70.33889771,65.84089661,65.91490173,72.09380341,71.771698,77.29689789,79.91899872,71.37850189,80.39969635,79.32569885,76.09369659,78.62650299,79.87529755,78.14890289,73.11000061,73.66919708,73.07900238,75.67949677,78.00879669,78.18560028,80.18240356,83.02059937,82.26889801,80.30220032,78.55259705,
Israel,ISR,,,,,,,,,,,,,36.90999985,,31.80999947,,30.39999962,,31.77000046,30.55999947,30.25,30.01000023,29.43000031,32.77999878,,,31.29999924,30.14999962,31.63999939,31.71999931,53.78099823,55.18199921,56.18099976,60.19400024,61.8370018,61.68799973,60.26200104,59.2159996,57.22000122,57.02299881,58.34400177,57.43199921,53.4280014,53.59600067,54.44499969,55.77000046,56.22399902,55.57300186,53.96900177,52.73899841,52.68199921,50.43500137,49.50799942,49.61000061,49.72900009,48.9679985,48.47800064,48.28900146,47.06999969,45.99200058,
Italy,ITA,,59.83000183,,,,,,,,,,53.81000137,,,,,,44.45000076,43.52999878,44.27999878,45.29999924,55.47000122,45.77999878,48.31159973,48.40039825,47.64099884,48.21870041,47.9095993,48.84349823,48.63059998,46.8362999,46.13380051,42.0943985,41.09289932,38.98929977,38.7262001,38.6556015,38.30210114,38.41019821,38.09230042,38.0644989,36.28279877,35.26990128,34.63439941,36.70679855,33.84590149,32.34749985,30.82349968,30.7458992,28.84499931,28.08480072,27.11059952,28.55610085,27.14049911,27.14240074,26.18650055,26.6067009,26.17740059,26.07559967,26.08279991,
Jamaica,JAM,71.75,,,,,,,,,,56.11999893,,,,56.65000153,57.45999908,56.65999985,,56.63000107,,29.44000053,59.27999878,62.77999878,,,32.77000046,,,38.72999954,,54.34999847,45.09000015,,,49.77000046,54.59999847,52.40000153,50.5,46.79000092,44.59999847,,41.70000076,44.40000153,40.20999908,39.43999863,,,,,,,33.40000153,33.61669922,34.72399902,33.29499817,34.04520035,36.65890121,36.47819901,34.18190002,34.88949966,
Jordan,JOR,,36.27000046,,,,,,,,,,,,,,31.28000069,,,,32.99000168,,,,,,,,,,,,,,,,,,,,,,,,,,,,,,,,,,,,,,,,25.72500038,
Japan,JPN,,,,,,,,,55.79999924,55,55.5,56.09999847,54.29999924,52.70000076,50,47.79999924,46.09999847,45.09999847,44.70000076,44,43.29999924,43.59999847,43.40000153,44.20000076,43.70000076,42.90000153,43.09999847,42.59999847,42.59999847,43.20000076,44.09999847,45.40000153,46.59999847,47.09999847,47.59999847,47.70000076,48.29999924,48.5,48.29999924,47.29999924,47.09999847,46.5,45.5,44.90000153,44.29999924,44.70000076,44.90000153,44.90000153,44.70000076,43.79999924,43.20000076,42.56000137,41.90000153,42.59999847,43,43,44.79999924,44.59999847,47.59999847,49.29999924,
Kazakhstan,KAZ,,,,,,,,,,,,,,,,,,,,,,,,,,,,,,,,,,,,,,,,,,,51.09000015,50.56999969,49.49000168,,,,46.93000031,,,,,,,,,,,,
Kenya,KEN,,,,,,,,,,,,,,,,,,,,,,,,,,,43.79999924,,,58.06000137,,,,,,,,,,48.90520096,,,,,,38.34999847,39.40819931,,,,,,,,,,45.08409882,,,,
Kyrgyz Republic,KGZ,,,,,,,,,,,,,,,,,,,,,,,,,,,,,,50.47999954,,,,,,,,,,,,,47.95000076,,45.41999817,,46.50999832,,,47.93999863,47.22000122,46.52999878,44.36999893,46.97000122,44.11999893,43.22000122,41.83000183,39.66999817,38.01530075,,
Cambodia,KHM,,,68.59999847,,,,,,,,,,,,,,,,,,,,,,,,,,,,,,,,,,,,60.70000076,69.37999725,67.99349976,77.15660095,,,77.73999786,,,77.62860107,74.33599854,76.5062027,79.00109863,78.79769897,61.65510178,71.88510132,72.01100159,71.86180115,72.93270111,71.62249756,,,
Kiribati,KIR,,,,,,,,,,,,,,,,,,,69.38999939,,,,,,,,,,,,,,,,,,,,,,,,,,,17.15999985,,,,,53.66999817,,,,,25.15460014,,,,,
St. Kitts and Nevis,KNA,,,,,,,,,,,,,,,,,,,,,65.88999939,,,,,,,,,,,60.88999939,,,,,,,,,,,,,,,,,,,,,,,,,,,,,
"Korea, Rep.",KOR,38.40000153,,,,,,41.43999863,,,,44.97999954,,,,,51.06000137,,,,,45.08300018,42.59000015,42.44900131,39.8409996,36.39899826,35.55599976,35.44400024,35.45800018,33.96300125,34.30500031,34.96099854,37.26699829,37.39400101,36.88999939,37.20500183,36.93399811,35.93399811,34.83000183,32.20899963,32.14599991,33,33.59999847,34.5,34.40000153,35.09999847,33.70000076,30.89999962,28.79999924,26.29999924,25.10000038,25.20000076,25.5,26.5,26.39999962,28.5,28.17480087,28.30529976,28.05500031,27.32760048,27.59560013,
Kuwait,KWT,,,,,,52.36000061,,,,,40.90999985,,,,,34.52999878,,,,,40.40000153,,,28.12000084,,34.95999908,,,30.45000076,,,,,,,32.84000015,,,,,,,,32.29999924,,36.97999954,,,,,,,,,,24.45999908,25.55999947,,,,
Latin America & Caribbean (excluding high income),LAC,,,,,,,,,,,47.84226182,,,,,,,,,,51.89485543,,,,,,,,,,53.27324159,56.08131708,58.46503258,56.57176248,,57.08831079,56.2512481,56.39976646,56.7303524,57.06706751,,56.3524152,56.35481186,56.54539151,56.19732695,55.44516526,55.75166247,54.87684527,54.07010279,54.03248978,,52.20086091,51.69413524,50.97354067,50.29744994,50.77687809,50.72875766,50.16212025,50.33478509,50.54487681,
Lao PDR,LAO,,,,,,,,,,,,,,,,,,,,,,,,,,,,,,,,,,,,73.55999756,,,,,,,,94.90000153,,,,,,,63.24639893,,,,,,,28.37969971,,,
Lebanon,LBN,,,,,,,,,,,,,,,,36.04999924,,,,,,,,,,,,,,,,,,,,,,32.24000168,,,,,,,30.80999947,,,30.72999954,,,,,,,,,,,,,
Liberia,LBR,,,47.74000168,,,,,,,,,,,,25.37000084,,,,,,,,,,31.56999969,,,,,,,,,,,,,,,,,,,,,,,,,,31.79140091,,55.22169876,,55.31760025,55.31760025,56.94350052,,,,
Libya,LBY,,,,,32.91999817,,,,,,,,,26.79000092,,,,,,,,,,,,,,,,,,,,,,,,,,,,,,,,,,,,,,,17.69000053,,,,,,,,
St. Lucia,LCA,,,,,,,,,,,,,,,,,,,,,,,,,,,,,,,,,,,,,,,,,,,,59.40999985,57.29999924,57.40000153,58.20000076,52.29999924,,,,,,,,,,60.62659836,61.93009949,55.98400116,
Latin America & Caribbean,LCN,51.66025136,,,,,,,,,,47.43470105,,,,,,,,,,51.00428319,,,,,,,,,,52.4056243,55.16127997,57.52112849,55.86626435,,56.26805033,55.59233015,55.76528301,56.06708344,56.30166085,,55.76809328,55.53359304,55.74712113,55.41994509,54.75084859,54.9781637,54.15966075,53.47727658,53.53863688,,51.59132527,51.11450989,50.50328128,49.83853398,50.22859231,50.141435,49.63864246,49.78288668,49.92785509,
Least developed countries: UN classification,LDC,,,,,,,,,,,,,,,,,,,,,,,,,,,,,,,,,,,,,,,,,,,,,,,,,,,,,,,,,,,,,
Low income,LIC,,,,,,,,,,,,,,,,,,,,,,,,,,,,,,,,,,,,,,,,,,,,,,,,,,,,,,,,,,,,,
Liechtenstein,LIE,85.08000183,,,,,,,,,,80.19999695,,,,,,,,,,76.44000244,,,,,,,,,,,,,,,,,,,,57.24000168,55.47999954,54.88000107,55.59000015,53.72000122,53.84000015,53.09000015,53.97000122,52.63000107,52.11999893,50.41999817,53.68000031,53.02000046,52.22000122,51.95000076,50.63999939,,,,,
Sri Lanka,LKA,,,,44.70000076,,,,,,,,51.40999985,,,,,,,,,,,,,,50.25,48.93000031,,,,52.27999878,,47.95999908,47.29000092,49.90000153,43.16999817,43.86000061,43.79999924,49.02000046,47.31999969,43.45999908,,,45.65000153,44.27999878,41.77000046,,40.93999863,,,34.78590012,33.73809814,33.38999939,33.7521019,32.38539886,33.39099884,32.51139832,32.7663002,29.89389992,,
Lower middle income,LMC,,,,,,,,,,,,,,,,,,,,,,,,,,,,,,,,45.46123065,,,,,,,,,46.6179588,44.07989359,,,,,,,,,39.16427668,,,,,,,,30.60733965,,
Low & middle income,LMY,,,,,,,,,,,,,,,,,,,,,,,,,,,,,,,,,,,,,,,,,53.22543334,,,,,,,,,,44.98333678,,,,,,,,,,
Lesotho,LSO,,,,,,,,,,,,,,,,,,,,,,,,,,,,,,,,,,,,,,50.5,,64.75,,,,,,,29.05999947,,31.95000076,,,,,45.11999893,,,,,,,
Late-demographic dividend,LTE,,,,,,,,,,,,,,,,,,,,,,,81.13077454,,,,,,,,75.17139845,,,,,,,,,,62.03168279,,,,,,,,,,53.57569814,,,,,,,,,,
Lithuania,LTU,,,,,,,,,,,,,,,,,,,,,,,,,,,,,,49.97999954,,,,,,,,43.34000015,44.14250183,43.06529999,37.31430054,32.99950027,31.72590065,32.24750137,25.77960014,25.18429947,26.29170036,27.05979919,30.02059937,29.31189919,28.42440033,28.16390038,29.29339981,31.51409912,34.22029877,33.82690048,35.34130096,35.04570007,36.48350143,37.31800079,
Luxembourg,LUX,61.40000153,,,,,,60.36999893,,,,61.86000061,,,,,,,,,,,60.81000137,,60.36660004,58.3470993,58.58229828,58.0135994,56.32279968,52.46210098,52.50999832,44.91949844,53.16870117,51.31280136,47.79550171,46.48360062,41.2118988,40.67380142,37.39360046,35.31940079,33.95589828,34.02009964,34.46360016,34.70159912,30.35140038,28.00779915,28.8321991,27.81719971,26.49449921,29.02169991,32.26210022,24.72509956,24.87280083,26.76799965,25.89949989,26.32250023,35.18429947,30.70280075,30.45429993,33.11610031,34.62129974,
Latvia,LVA,,,,,,,,,,,,,,,,,,,,,,,,,,,,,,56.25999832,,,,,,,49.06999969,45.72999954,45.09489822,42.31549835,38.43849945,37.36149979,37.82479858,38.81819916,36.93270111,38.00510025,40.85910034,42.61259842,42.84799957,41.22869873,39.74280167,37.45560074,40.1432991,39.36429977,40.40520096,41.27489853,39.68399811,39.74200058,37.70959854,36.28710175,
"Macao SAR, China",MAC,29.37999916,,,,,,,,,,,,,,,,,,,,,,,,,,,,,,,,47.54000092,53.5,53.38999939,53.18000031,55.97999954,45.95999908,43.13999939,,42,44.06999969,37.72999954,30.57999992,31.62999916,35.31000137,38.22000122,44.29000092,46.04999924,52.65999985,51.34999847,51.88999939,49.68999863,50.20000076,49.43999863,47.65000153,46.72000122,,,,
St. Martin (French part),MAF,,,,,,,,,,,,,,,,,,,,,,,,,,,,,,,,,,,,,,,,,,,,,,,,,,,,,,,,,,,,,
Morocco,MAR,40.20000076,,,,,,,,,,,42.24000168,,,,,,,,,,,42.08000183,,,,,,,,35.70000076,,,,45.45000076,42.61999893,,,36.74000168,48.00999832,46.5,42.52000046,41.65999985,43.09000015,43.99000168,42.56000137,39.81999969,43.70999908,38.93999863,39.83000183,36.27000046,34.99000168,33.5,32.22999954,32.31000137,30.37000084,28.70000076,,,,
Monaco,MCO,,,,,,,,,,,,,,,,,,,,,,,,,,,,,,,,,,,,,,,,,,,,,,,,,,,,,,,,,,,,,
Moldova,MDA,,,,,,,,,,,,,,,,,,,,,,,,,,,,,,54.33000183,,,,,,,,,,,,,31.01000023,24.65999985,22.57999992,21.70999908,22.85000038,20.70000076,20.79999924,21.45000076,21.90909958,22.2628994,20.21590042,20.6413002,19.26479912,21.62739944,19.59939957,19.52429962,18.93009949,21.23399925,
Madagascar,MDG,,,,,,,,,,,,,,,,72.23999786,,,,,,,,,,,,,,,,,,65.01000214,,,,,,,,,,67.58000183,,73.33999634,,,,,,,90.01799774,,,74.69200134,,,,,
Maldives,MDV,,,,,,,,,,,,,,,,,,70.56999969,,,,,,,,45.22000122,,,,,40.20000076,,,,,37.38999939,,,,,39.02999878,,,,,,,,,41.86610031,,,,,52.16999817,,48.41379929,,,,
Middle East & North Africa,MEA,,,,,,,,,,,,,,,,,,,,,,,,,,,,,,,,,,,,,,,,,,,,,,,,32.92105345,32.48306113,31.4977101,32.17382794,,,,28.94755585,28.33089963,28.65067476,,,,
Mexico,MEX,50.56999969,,,,,,,,,,42.06999969,,,,,,,,46.31999969,46.91999817,49.34999847,,,,,,,,,,41.11000061,52.17599869,53.33599854,54.53499985,54.12599945,54.35699844,53.0719986,53.11399841,53.77099991,52.42499924,51.52099991,49.56100082,47.24029922,47.14920044,46.95769882,47.88729858,48.38069916,48.35369873,47.72280121,46.92179871,47.0658989,46.85969925,47.2242012,46.33660126,45.54359818,44.7942009,44.19139862,43.75910187,43.74399948,44.80820084,
Marshall Islands,MHL,,,,,,,,,,,,,,,,,,,,,,,,,,,,,,,,,,,,,,,,,,,,,,,,,,,,,,,,,,,,,
Middle income,MIC,,,,,,,,,,,,,,,,,,,,,,,,,,,,,,,,,,,,,,,,,53.34823429,,,,,,,,,,45.06651958,,,,,,,,,,
North Macedonia,MKD,,,,,,,,,,,,,,,,,,,,,,,,,,,,,,,,44.74000168,,,46.68999863,,,43,43.5,38.79999924,37.59999847,39.90000153,35.61999893,35.29000092,,,35.77519989,35.8594017,35.91419983,35.04119873,33.33779907,32.10680008,33.55360031,33.64649963,32.44729996,32.84400177,31.31609917,32.78239822,31.83209991,32.17819977,
Mali,MLI,,,,,,,,,,,,,,,,,49.66999817,,,,,,,,,,,61.81999969,,,,,,,,,,,,,,,,,38.33000183,,67.40000153,,,,56.31999969,,,68.7990036,59.63159943,59.92979813,44.08530045,58.80490112,47.9090004,,
Malta,MLT,,,,,,,,,,,,,,,,,,,,,,,,,,,,,,,,,,,61.43000031,68.80000305,65.26999664,59.41999817,56.97000122,,59.41600037,64.31009674,60.3409996,60.03590012,55.3362999,53.61410141,53.03469849,54.07389832,52.69649887,51.55519867,50.93759918,51.90790176,51.70740128,53.48849869,52.895401,51.63150024,51.75099945,52.90719986,55.99029922,55.98609924,
Myanmar,MMR,,,,,,,,,,,,,,,,,,,,,,,,49.09000015,,,,,,,,,,,,,,,,,,,,,,,,,,,,,,,,59.85559845,,50.88529968,48.70830154,45.34019852,
Middle East & North Africa (excluding high income),MNA,,,,,,,,,,,,,,,,,,,,,,,,,,,,,,,,,,,,,,,,,,,,,,,,33.57998268,32.99965326,32.29052623,31.68911583,,,,29.21757477,28.6818151,28.74800149,27.18101664,,,
Montenegro,MNE,,,,,,,,,,,,,,,,,,,,,,,,,,,,,,,,,,,,,,,,,,,,,,,,32.59999847,33.70000076,,,23.22130013,26.48340034,25.49609947,29.2071991,30.17959976,32.74760056,31.2031002,32.85649872,36.53540039,
Mongolia,MNG,,,,,,,,,,,,,,,,,,,,,,,,,,,,,,,,,,,,,,,52.81999969,,53.70000076,,,39.20000076,47.31999969,45.54000092,,36.5,33.61370087,31.9545002,31.82320023,32.59659958,38.33069992,31.81480026,30.60540009,29.32869911,27.90990067,26.92609978,28.8932991,31.48410034,
Northern Mariana Islands,MNP,,,,,,,,,,,,,,,,,,,,,,,,,,49.93999863,,,,,74.44999695,,,,,68.40000153,,,,,,,,69.75,,,,,,,,,,,,,,,,,
Mozambique,MOZ,,,,,,,,,,,63.86999893,,,,,,,,,,73.52999878,,,,,,,,,,,,,,,,,75.08000183,,,,,,,,,,,,,,,,,,62.55009842,,,,,
Mauritania,MRT,,,,,,,,,,,,,,,,47.72000122,,,,,,,,,,,,,,,,,,,,,,,,,,,,,,,,,,,,,24.61339951,,,,,20.61319923,,,
Mauritius,MUS,,,36.50999832,,,,,,,,,,48.09999847,,,,,,,,,,,50.86000061,55.34999847,,,60.31000137,,61.00999832,53.34999847,56.86999893,57.02999878,56.88999939,57.29000092,50.29000092,,,,,49.38000107,51.23820114,50.90380096,52.44950104,50.10829926,48.66270065,47.75450134,44.97700119,42.49599838,41.58580017,42.91009903,42.40449905,42.70669937,43.21609879,44.08520126,45.99039841,45.10110092,44.78639984,45.64099884,,
Malawi,MWI,,,,,,,,,,,,,,,,53.54000092,,,,,,,,81.73999786,,,,56.59000015,,,,,,,,,,,53.84000015,,,,,,80.30000305,68.62789917,,,,,,,,65.12059784,,,,46.13270187,,,
Malaysia,MYS,,,,,,,,,,,,,,,,,,,,,54.22000122,,,,,,,,,,,44.86000061,,,,,,,,,,,,,,,,,,,,,,,43.36000061,42.66999817,42.93999863,43.02000046,43.77000046,,
North America,NAC,56.40000153,55.85401935,55.79999924,55.20000076,55.29999924,55.79999924,57.09999847,57.70000076,57.70000076,58.90000153,59.79999924,59.64198639,61.79999924,63.70000076,64.90000153,64.59999847,65.12258779,66.48838757,67.93691409,68.48068308,68.14738297,67.8592901,67.21222947,67.15187657,67.72715229,68.33054068,68.7150715,68.59104878,68.61787984,68.85461872,67.55890524,66.20947206,66.10549791,65.93581734,66.28854001,66.11596085,65.36579296,65.29685326,65.47712072,65.28245173,65.66942052,64.54029852,63.5963436,62.10881767,61.68518901,61.26031754,61.1495079,60.10919368,59.59002096,57.66289197,56.04651753,55.86570512,56.53787869,55.87437279,55.87222449,55.8637568,55.96687267,56.2534539,55.96901393,56.6806267,
Namibia,NAM,,,,,,,,,,,,,,,,,,,,,,,,,,,,,,,,40.06999969,,,35.95000076,,,30.62999916,,,29.67000008,41.66999817,,,30.65999985,,,,36.40000153,,,,31.11359978,34.23989868,32.65399933,,36.58589935,,29.22800064,,
New Caledonia,NCL,,,,,,,,,,,,,,,,,,,,,,,,,,,,,,,,,,,,,,,,,,,,,,,,,,,,,,,44.04999924,,,,,,
Niger,NER,,,,,,,,,,,,,,,,,,40.61000061,,,,,,,,,,,,,,,,,,,,,,,,53.86999893,,,,55.72000122,,,,,,70.97730255,30.26230049,,62.11610031,,,13.92920017,,,
Nigeria,NGA,,,,45.99000168,,,,,,,,,,,,,,,,,,,,32.56000137,,,30.35000038,,,,,32,,,,,,,,,,,,,36.49000168,,,,,,,30.78660011,,23.55380058,,,,,,31.88360023,
Nicaragua,NIC,,,,51.22999954,,,,,,,,42.45000076,,,,,,47.00999832,,,,,,,,,,,,47.54999924,48.75999832,49.16999817,,,,48.15999985,48.68000031,,49.5,59.50999832,50,,,,,,47.74000168,,,,,,70.40100098,,51.66249847,,,,,,
Netherlands,NLD,66.41000366,,,,,,,,,,,,,,,,,48.18000031,,47.43000031,49.29000092,48.54000092,49.27999878,48.74420166,,46.90280151,48.54999924,60.00139999,56.96580124,57.52610016,59.58810043,60.34469986,60.91519928,60.48400116,60.58739853,62.00370026,61.11040115,63.07709885,66.10600281,67.70179749,72.15509796,73.57450104,73.91940308,73.5667038,71.99729919,67.31909943,67.18789673,69.57659912,70.31729889,70.03250122,68.2602005,68.08509827,69.21399689,69.19819641,67.35359955,68.46649933,68.19779968,68.34590149,68.87439728,70.01029968,
Norway,NOR,55.70000076,,,,,,,,,,50.43999863,,,,,,,,,,60.70999908,59.5,60.04000092,60.90999985,58.79000092,60.31000137,64.34999847,65.94000244,67.11000061,62.27000046,60.50799942,57.6590004,56.74300003,55.47600174,55.43299866,54.83879852,60.84230042,63.70349884,65.8015976,64.73370361,65.99220276,66.11750031,65.5338974,63.65719986,62.95869827,60.31150055,57.43899918,58.82440186,61.97679901,57.89459991,56.71469879,55.61709976,57.02529907,57.02270126,54.41389847,55.90319824,54.56140137,53.74319839,54.34740067,55.48120117,
Nepal,NPL,,83.37999725,,,,,,,,,,62.50999832,,,,,,,,,,63.38999939,,,,,,,,,,57.02000046,,,,,,,,81.54000092,,,,90.59999847,,,,,75.91999817,,,,,,,,,28.63739967,,,
Nauru,NRU,,,,,,,67.41999817,,,,,,,,,,,,,,,,,,,,,,,,,,,,,,,,,,,,76.38999939,,,,,,,,,,,52.29019928,,,,,,,
New Zealand,NZL,,,,,,,,,,,,,,,,,,,,,,,,,,,74.49140167,73.48529816,69.96109772,67.71219635,68.48789978,67.39389801,65.52639771,64.69300079,66.02619934,67.09999847,66.98259735,66.72070313,64.95349884,62.94269943,62.6794014,62.96979904,63.63219833,62.40990067,62.18600082,62.3512001,64.40809631,64.37329865,62.68330002,60.70489883,59.08280182,58.54660034,58.37739944,57.91540146,60.00709915,61.35509872,62.30020142,63.1515007,63.80530167,63.6568985,
OECD members,OED,,,,,,,,,,,,,,,,,,,,,56.51681391,56.96376148,,56.10664665,57.03616004,56.57090492,56.97642257,57.31974227,56.12955323,56.40083964,54.39004627,55.02925038,53.96694132,52.72781001,53.0435128,52.41281793,51.94330895,51.57249808,51.66586641,51.62704744,51.52294897,51.19802928,50.56992956,49.85346525,49.49591203,49.65098293,49.39169656,49.11961112,48.93362533,48.1223192,47.43898945,47.38471292,47.52729286,47.22735959,47.23475627,47.19259647,47.28083633,47.34099683,47.50403808,47.92142013,
Oman,OMN,,,,,,,,,,,,,,,,,,,,,,,,,,,,,,,,,,,,,,,,,,,,35.79000092,,,,,,,,,,,,,39.75,,,,
Other small states,OSS,,,,,,,,,,,,,,,,,,,,,,,,,,,,,,,,,,,,,,,,,,,,,,,,,,,,,,,,,,,,,
Pakistan,PAK,,,,,,,,,,,,,,,,,42.41999817,42.5,42.5,42.5,42.49000168,45.75999832,45.70000076,44.75,44.72999954,43.08000183,42.41999817,,41.86999893,17.89999962,41.86000061,41.75999832,41.75,40.29999924,39.50999832,39.06000137,,41.18999863,40.25999832,,40.54000092,,43.41999817,,43.58000183,,42.34930038,41.27270126,40.73139954,41.0768013,41.58250046,40.24779892,,41.40370178,40.04990005,40.29389954,,,40.03900146,,
Panama,PAN,51.75,,,,,,,,,,55.41999817,,,,,,,,,48.38000107,41.31999969,,,43.93000031,45.24000168,45.91999817,44.99000168,,47.61000061,48.65999985,43.61000061,48.36000061,,51.75,51.02999878,50.93999863,47.40000153,50.45999908,50.52999878,50.66999817,47.29999924,,49.06000137,49.50999832,49.27000046,48.91999817,47,47.13000107,49.75,49.79000092,44.38430023,41.18909836,44.35359955,44.63779831,42.47949982,41.46530151,41.60800171,41.63639832,43.63069916,44.17829895,
Peru,PER,,49.74000168,,,,,,,,,,,39.63000107,,,,,,,41.93000031,41.91999817,38.77999878,42.04000092,,41.83000183,,48.40999985,48.31999969,,48.59999847,48.29999924,42.63999939,45,45.22999954,47.88000107,51.59000015,,52.81000137,54.86000061,57,52.04999924,55.15999985,60.52310181,62.47109985,64.78710175,61.80049896,64.66919708,67.20410156,67.75610352,68.14700317,68.85430145,67.34329987,66.95290375,65.48870087,63.93330002,60.27220154,59.91180038,61.56029892,61.53300095,61.58520126,
Philippines,PHL,47.88999939,,,,,,,,,,47.11000061,,,,,,,,52.25,,,,,50.06999969,,49.45999908,,52.33000183,51.43999863,49.40000153,50.00999832,49.93999863,50.38999939,49.74000168,49.06000137,50.08000183,50.15999985,48.56000137,50.02000046,49.11000061,47.27999878,44.47969818,49.08000183,43.05390167,43.76929855,43.38370132,42.75799942,41.97109985,41.47109985,41.84349823,41.43220139,43.14170074,42.62609863,41.83050156,42.55580139,40.46020126,40.12379837,37.10400009,35.70100021,34.75370026,
Palau,PLW,,,,,,,,,,,,,,,,,,,,,,,,,,,,,,,,,,,,52.41999817,,,,,27.09499931,,,,,31.5,,,,,,,,,29.36949921,,,,,,
Papua New Guinea,PNG,,,,,,,87.73999786,,,,,68.41000366,,,,,,,,,,,,,,,,,,,,,,,,,,,,,59.18999863,,,,,,,,,,37.26539993,,,,,,,,,,
Poland,POL,60.43999863,,,,,,,,,,52.02999878,,,,,,,,52.43999863,,,,,,,,,,44.34000015,,,,44.7820015,42.2179985,41.52099991,39.68099976,38.96099854,36.01160049,35.31940079,34.49819946,37.51720047,39.78739929,37.73099899,36.16749954,35.14339828,35.69169998,34.16830063,32.97840118,33.0685997,33.76679993,34.58000183,33.53030014,33.58110046,33.29560089,33.86119843,32.83140182,34.50859833,34.80350113,35.08580017,35.18809891,
Pre-demographic dividend,PRE,,,,,,,,,,,,,,,,,,,,,,,,,,,,,,,,,,,,,,,,,,,,,,,,,,,,,,,,,,,,,
Puerto Rico,PRI,28.95999908,,,,,,,,,,28.48999977,,,,,,35.02000046,32.97000122,32.75999832,33.58000183,28,32.79000092,32.5,29.51000023,31.26000023,31.59000015,27.65999985,28.30999947,31.04999924,,32.04999924,33.72000122,32.47000122,36.70000076,,34.95999908,35.93000031,38.11000061,38.40999985,38.15999985,36.04000092,,37,38.5,38.13000107,39.88999939,35.74000168,31.80999947,30.75,,25,24.5,26.39999962,,,,,,,,
"Korea, Dem. People’s Rep.",PRK,,,,,,,,,,,,,,,,,,,,,,,,,,,,,,,,,,,,,,,,,,,,,,,,,,,,,,,,,,,,,
Portugal,PRT,57.68999863,,,,,,,,,,64.48999786,,,,,,,,69.94999695,70.98999786,71.29000092,71.51999664,70.41999817,,62.29000092,61.04999924,61.29949951,61.48669815,60.56990051,59.46709824,58.41590118,56.59429932,50.95130157,47.5,45.22800064,43.13589859,42.31240082,44.16049957,47.08589935,46.33179855,44.7881012,46.54790115,47.11520004,44.85189819,42.63679886,42.11859894,41.65319824,41.32929993,40.89080048,38.69670105,36.11869812,38.15090179,37.07590103,35.0021019,34.30339813,33.52690125,33.167099,33.98389816,34.17950058,34.27870178,
Paraguay,PRY,,,56.58000183,,,,,,,,,,55.09000015,,,,,,,,,,53.08000183,,,,,,,63.68999863,59.25,57.97000122,60.38999939,61.54000092,62.75,71.5,65.19999695,,60.70000076,56,,61.09999847,62.45159912,57.64569855,61.46720123,58.77500153,58.96640015,57.28210068,58.57989883,62.64500046,56.99119949,56.82899857,59.00550079,58.00389862,56.04069901,54.06330109,57.667099,56.38050079,58.55009842,59.2820015,
West Bank and Gaza,PSE,,,,,,,,,,,,,,,,,,,,,,,,,,,,,,,,,,,,,,,,,27.63949966,23.99710083,21.7602005,23.97100067,22.99449921,23.21080017,23.51339912,24.73399925,25.17429924,24.94529915,24.87229919,26.83769989,27.94000053,27.69190025,28.0156002,30.87770081,30.97389984,31.44169998,30.50180054,30.2663002,
Pacific island small states,PSS,,,,,,,,,,,,,,,,,,,,,,,,,,,,,,,,,,,,,,,,,,,,,,,,,,,,,,,,,,,,,
Post-demographic dividend,PST,,,,,,,,,,,,,,,,,,,,57.10187496,57.4033073,57.22854386,56.43415333,56.66580455,57.4621313,57.36271672,57.49847073,57.51423732,57.04369352,55.77266852,56.52198817,55.70013418,54.76182473,53.9921972,53.77469922,52.86517186,52.8687533,52.46937065,52.77848529,52.43728167,53.23007407,51.99583015,51.74175082,51.00603767,51.57690878,51.67829253,51.5765342,51.1792353,50.79327699,49.67454139,48.66653606,48.45909744,48.56260219,48.24578328,47.79439124,47.74647082,47.90092192,48.05315204,48.23734621,48.87673425,
French Polynesia,PYF,,,48.22999954,,,,,,,,,,,,,,,,,,,,,29.71999931,,,,,51.06999969,,,,,,,,42.83000183,,,,,,40.08000183,,,,,36.91999817,,,,,40.27999878,,,,,,,,
Qatar,QAT,,,,,,,,,,,,,,,,,,,,,,,,,,,45.47000122,,,,,,,,,,,33.47000122,,,,,,,42.22000122,,54.79000092,67.54000092,71.36000061,71.01999664,,68.75,69.23999786,64.18000031,67.41000366,69.16000366,72.30000305,67.76999664,68.77999878,,
Romania,ROU,,,,,,,64.26999664,,,,,,,,,,,58.91999817,,,,,,,,,,,,,,,59.50999832,,,53.25,49.95000076,46.1576004,44.93769836,42.70700073,41.32210159,39.64509964,37.35749817,33.93610001,36.07749939,31.24290085,30.56310081,30.52370071,30.40749931,30.92959976,31.20759964,30.71159935,30.54070091,30.07010078,29.56130028,31.27350044,28.03089905,29.95199966,29.50139999,29.63299942,
Russian Federation,RUS,,,,,,,,,,,,,,,,,,,,,,,,,,,,,,53.79999924,,,54.66500092,52.5320015,50.86899948,50.41500092,47.06900024,43.21500015,40.5379982,45.17100143,43.64099884,40.83499908,40.50899887,39.17399979,39.3730011,39.20100021,38.89199829,39.40599823,41.83800125,42.09999847,41.23199844,41.39160156,39.57500076,39.87419891,38.78749847,37.9211998,37.66759872,35.37210083,34.12760162,33.10559845,
Rwanda,RWA,,,,,,,,,,,,,,,,,,,91.47000122,,,,,,,,,,,,,,,,,,78.98999786,,,,,,,,,,,,,,,,,,65.45240021,,,38.51050186,38.64300156,37.95320129,
South Asia,SAS,,,,,,,,,,,,43.41625459,,,,,,,,,,52.48079264,,,,,,,,,,47.05425713,,,45.65042223,,,,,,45.68278268,42.43000031,,,,43.73049436,,,,,37.41148091,,32.73942089,,,,,,28.55075625,,
Saudi Arabia,SAU,,,,,,,,,,,,,,,,,,,,,,,,,,,,,,,,,29.04000092,,,,,,,20.48999977,18.23999977,17.51000023,17.39999962,,,,19.98999977,18.06999969,17.17000008,15.67000008,,17.70999908,17.44000053,17.64999962,17.64999962,16.28000069,17.60000038,,19.28000069,,
Sudan,SDN,,,,,,,,,,,,,,44.25,,,,,,,,,,47.84000015,,,,,,,34.59999847,,,38.13000107,,,35.36999893,,,,,,,,,,,,35.59999847,,,30.30620003,,,,,,,,,
Senegal,SEN,,,,,,,,,,,,,,,,,,,,,,,,,,,,,44.54999924,,,,,,,,,,,,,,57.11999893,,,,38.49000168,,,,,40.81999969,,,,28.04089928,,,,,
Singapore,SGP,,,,,,,,,,,60.36999893,,,,,58.83000183,59.72999954,60.04000092,61.43000031,63.34000015,66.44999695,,65.08999634,64.75,62.38000107,60.18999863,58.65999985,56.86000061,55.83000183,56.18999863,,,45.24000168,43.79000092,42.61999893,36.84999847,38.54999924,35.66999817,31.43000031,,,,,,,,,,,,,,37.77999878,36.18000031,37.54999924,40.59000015,39.36999893,38.24000168,38.13000107,38.25999832,
Solomon Islands,SLB,,,,,,,,,,,,,,,,,,,,,,,,,,,,,,,,,,,,,,,,,,,,,,,,,,,,,,70.78410339,,,,,,,
Sierra Leone,SLE,,,,56.54000092,,,,,,,,,,,,,,,,,,,,,,,,,,,,,,,,,,,,,,,,39.20999908,42.25,,,,,37.88999939,36.15999985,,,,28.77869987,,,,,,
El Salvador,SLV,,52.09999847,,,,,,,,,,55.34999847,,,,,,,50.36999893,53.08000183,53.18000031,,,,,,,,,,51.00999832,47.27999878,50.25,51.97000122,51.36000061,50.18000031,47.74000168,46.72999954,50.90999985,49.31999969,,,45.70999908,48.72000122,46.99000168,,47.54000092,47.08000183,,50.43999863,47.5257988,47.76710129,48.1882019,47.54150009,46.30550003,45.72340012,46.19459915,46.59019852,46.3280983,47.30210114,
San Marino,SMR,,,,,,,,,,,,,,,,,61.95000076,,,,,,,,,64.40000153,61.45000076,63.61000061,61.81000137,59.40000153,59.29999924,58.72000122,58.31999969,55.36999893,,52.74000168,52.74000168,51.75999832,51.18000031,49.61000061,,,,,,,,,,,,,,,,,30.37000084,,,36.15000153,
Somalia,SOM,,,,,,,,,,,,,,,,,,,,,,,,,,,,,,,,,,,,,,,,,,,,,,,,,,,,,,,,,,,,,
Serbia,SRB,,,,,,,,,,,,,,,,,,,,,,,,,,,,,,,,,,,,,,,,,,,,,,,37.38999939,33.27999878,32.54029846,28.91329956,28.20610046,28.47789955,29.63069916,28.70219994,28.46030045,29.21240044,30.31040001,30.63879967,30.00209999,29.63739967,
Sub-Saharan Africa (excluding high income),SSA,,,,,,,,,,,,,,,,,,,,,,,,,,,,,,,,,,,,,,,,,,,,,,,,,,,,,,,,,,,,,
South Sudan,SSD,,,,,,,,,,,,,,,,,,,,,,,,,,,,,,,,,,,,,,,,,,,,,,,,,64.48000336,,,,,,,,,,,,
Sub-Saharan Africa,SSF,,,,,,,,,,,,,,,,,,,,,,,,,,,,,,,,,,,,,,,,,,,,,,,,,,,,,,,,,,,,,
Small states,SST,,,,,,,,,,,,,,,,,,,,,,,,,,,,,,,,,,,,,,,,,,,,,,,,,,,,,,,,,,,,,
Sao Tome and Principe,STP,,,,,,,,,,,,,,,,,,,,,,48.77999878,,,,,,,,,,43.34999847,,,,,,,,,,,,,,,,,,,,,,,,,,,,,
Suriname,SUR,,,,,29.85000038,,,,,,,,,,,,,,,,22.17000008,,,,,,,,,21.95000076,36.29000092,,35.81999969,33.27000046,30.57999992,28.81999969,,,,25.5,,,,,,,,,,33.40999985,33.93999863,32.65999985,30.95999908,31.43000031,32.06999969,31.12000084,,,,,
Slovak Republic,SVK,,,,,,,,,,,,,,,,,,,,,,,,,,,,,,,,58.59000015,,52.09000015,47.35800171,46.27899933,46.62099838,47.02000046,45.3973999,45.75350189,44.76350021,45.28580093,42.77159882,40.65390015,39.12469864,36.64979935,35.34830093,34.62580109,32.40010071,31.39559937,31.06909943,30.07439995,30.48830032,30.77669907,30.97550011,31.72200012,32.40810013,33.18249893,32.28829956,29.6833992,
Slovenia,SVN,,,,,,,,,,,,,,,,,,,,,,,,,,,,,,,,48.52999878,,31.29000092,39.45999908,41.63999939,42.63470078,46.06389999,43.96070099,40.4076004,37.29539871,35.97539902,36.56620026,33.75090027,39.3321991,40.51850128,40.61449814,41.83029938,42.88420105,40.88059998,39.92589951,37.42160034,34.37279892,33.83399963,33.59740067,35.3445015,33.74480057,39.125,38.5564003,36.21789932,
Sweden,SWE,,,,,,52.27999878,,,,,,,,,,66.73000336,67.68000031,,,,,,66.69999695,65.37999725,64.73000336,65.97000122,67.30000305,66.31999969,,69.29000092,69.08599854,65.83999634,60.36999893,54.90599823,53.55400085,45.4416008,43.14670181,41.07749939,40.59600067,42.30179977,40.7132988,52.35770035,50.51810074,50.62319946,48.54299927,49.8893013,51.33710098,52.24020004,52.84270096,51.02230072,51.63130188,52.98410034,52.58509827,54.49720001,55.44800186,55.13529968,54.84140015,54.70009995,54.09289932,55.01269913,
Eswatini,SWZ,,,,,,,55.36999893,,,,,,,,,,29.90999985,,,,,,,,,,36.31000137,,,,,,,,,44.5,,30.5,,,,,,,,,,,,,,,,,,,24.89780045,,,,
Sint Maarten (Dutch part),SXM,,,,,,,,,,,,,,,,,,,,,,,,,,,,,,,,,,,,,,,,,,,,,,,,,,,,,,,,,,,,,
Seychelles,SYC,70.70999908,,,,,,,,,,,72.06999969,,,,,,74.58000183,,,,,,,,,,,,,,,,,56.52000046,,,,,,,,61.90999985,,,,,,,,,51.95999908,,,57.02700043,55.57429886,55.24459839,55.20859909,54.81779861,47.63600159,
Syrian Arab Republic,SYR,43.18999863,,,,,,,,,,39.13999939,,,,,,,,,,,37.38000107,,31.54999924,39.16999817,,,,,,,,,,,,,,42.77000046,43.45000076,40.97999954,47.20999908,52.06000137,40.61000061,,,34.40999985,32.93999863,32.29000092,29.64999962,,,,,,,,,,,
Turks and Caicos Islands,TCA,69.16999817,,,,,,,,,,,,,,,,,,,,55.99000168,,,,,,,,,,,,,,,,,,,,,,,,,,,,,,,,,,,,,,,,
Chad,TCD,,,,,,,,,,,,,,,,,,,,,52.38000107,,,,,,,,52.70000076,,,,,56.52000046,,,,,,,,,,,,,,,,,,,,,,,,,38.50859833,,
East Asia & Pacific (IDA & IBRD countries),TEA,,,,,,,,,,,,,,,,,,,,,,,82.59504981,,,,,,,,73.76194402,,,,,,,,,,63.12664115,,,,,,,,,,54.89333559,,,,,,,,,,
Europe & Central Asia (IDA & IBRD countries),TEC,,,,,,,,,,,,,,,,,,,,,,,,,,,,,,,,,,,,48.19650993,,,42.9817201,43.71100723,,40.53773492,40.36163874,38.60233275,38.96204208,37.33634651,36.74307155,36.49568979,38.34499418,38.17528087,37.91762038,38.11397299,36.9813972,37.4235611,37.64127679,37.49612822,37.00892302,37.10300207,36.78293051,36.95455124,
Togo,TGO,,,,,,,,,,,,,,,,,,,,,62.29999924,45.13999939,,,,,,,,,,,,,,,,,,,,,,,,,65.75469971,,,,,64.78320313,,,50.07189941,54.87649918,,25.16530037,,,
Thailand,THA,,,,,,,,,,,,,,,,,47.79999924,,76.54000092,72.80000305,76.55000305,,78.16999817,,77.33000183,,,77.62999725,78.44000244,79.68000031,77.52999878,,,,63.79000092,,60.59999847,59.24000168,56.72000122,53.34999847,53.36000061,54.18000031,,51.38999939,52.20999908,51.63999939,48.84999847,49.47000122,48.99000168,48.83000183,46.73009872,47.95000076,47.5,44.12990189,42.94419861,42.0603981,41.58200073,40.83539963,41.62870026,40.41450119,
Tajikistan,TJK,,,,,,,,,,,,,,,,,,,,,,,,,,,,,,,,,,,,,,,,,,,,42.5,54.91999817,,,,,25.68720055,,,,,,,26.36000061,,,,
Turkmenistan,TKM,,,,,,,,,,,,,,,,,,,,,,,,,,,,,,,,,,,,,,,,,,,,,,,,,,,,,,,,,,,,,
Latin America & the Caribbean (IDA & IBRD countries),TLA,52.03271331,,,,,,,,,,47.79454958,,,,,,,,,,51.23571184,,,,,,,,,,52.56726976,55.34640662,57.73698256,56.0167945,,56.44054006,55.75362483,55.9035488,56.20435142,56.44774772,,55.76809328,55.66479845,55.86416511,55.53578025,54.84401242,55.10305506,54.3001483,53.86797234,53.53863688,,51.74361656,51.24496339,50.5072278,49.84478522,50.23572122,50.14336642,49.63864246,49.78713802,49.92785509,
Timor-Leste,TLS,,,,,,,,,,,,,,,,,,,,,,,,,,,,,,,,,,,,,,,,,,44.25999832,,,,,,,,,13.64610004,,,14.15110016,,,39.72750092,,,,
Middle East & North Africa (IDA & IBRD countries),TMN,,,,,,,,,,,,,,,,,,,,,,,,,,,,,,,,,,,,,,,,,,,,,,,,33.70177762,33.12860967,32.39968973,31.79374658,,,,29.23745485,28.63488508,28.70635907,27.08954716,,,
Tonga,TON,,,,,,,36.97000122,,,,,,,,,,37.52000046,,,,,,,,,,,,,,42.97000122,,,,39.99000168,,,,,,,,,,,,,,,,,,,,,,,,24.41769981,,
South Asia (IDA & IBRD),TSA,,,,,,,,,,,,43.41625459,,,,,,,,,,52.48079264,,,,,,,,,,47.05425713,,,45.65042223,,,,,,45.68278268,42.43000031,,,,43.73049436,,,,,37.41148091,,32.73942089,,,,,,28.55075625,,
Sub-Saharan Africa (IDA & IBRD countries),TSS,,,,,,,,,,,,,,,,,,,,,,,,,,,,,,,,,,,,,,,,,,,,,,,,,,,,,,,,,,,,,
Trinidad and Tobago,TTO,,,,,,,,,,,50.18999863,,,,,,,,,53.20999908,46.83000183,53.61999893,,55.47999954,,55.58000183,54.52999878,47.95000076,52.18999863,49.27000046,50.22000122,51.50999832,,48.88000107,,51.22000122,52.06000137,49.90000153,51.22000122,51.15000153,51.68000031,,49.65000153,,,53.81999969,54.43999863,53.74000168,52.13000107,50.45000076,46.43099976,44.89199829,45.27209854,45.24720001,44.28829956,43.60469818,41.54150009,,,,
Tunisia,TUN,,,,,,,38.22999954,,,,,,,,,51,,,,,47.02999878,,,,49.09000015,,,,,41.84999847,,,,,,,,38.83000183,,,,,,,,31.86800003,30.60779953,31.00839996,30.76049995,29.59889984,31.18569946,31.98839951,35.15190125,33.24710083,,28.87949944,30.99760056,30.32019997,,,
Turkey,TUR,76.72000122,,,,,72.01000214,,,,,63.91999817,,,,,62.70999908,,,,,65.20999908,,,,,64.05000305,,,57.09000015,56.25,54.66999817,55.34799957,52.97800064,48.07899857,51.13899994,48.59899902,48.52999878,47.01900101,46.0019989,46.63600159,42.52099991,42.10900116,40.85800171,38.39899826,37.78699875,37.73099899,36.27339935,36.49349976,37.13890076,37.44419861,37.36579895,38.47000122,37.37110138,38.82080078,40.78499985,41.77890015,42.34349823,43.21640015,43.81309891,44.28139877,
Tuvalu,TUV,,,,,,,,,,,,,,,,,,,,,,,,,,,,,,,,,,,,,,,,,,,,,,,,,,,,,,,,,40.52780151,,,,
Tanzania,TZA,,,,,,,,,,,,,,,,,,,61.63999939,,,,,,,,,,,,,,,,,,,,,,,77.96279907,,,,,79.6414032,,,,,66.19000244,,64.80999756,72.37139893,,,,,,
Uganda,UGA,,,,,,,,,,,,,,,,,,,,,,,,,,,,,,,,55.33000183,,,,,,,,,,,,,,,,,,,,,53.69490051,75.81999969,,,,37.76250076,,,
Ukraine,UKR,,,,,,,,,,,,,,,,,,,,37.58000183,,,,,,,,,,34.49000168,,,,,,45.54000092,,,51.02000046,42.11999893,,39.31000137,39.59999847,38.54999924,,,,,,,,,,,38.41999817,36.29000092,35.06999969,34.38999939,33.66360092,36.22480011,
Upper middle income,UMC,,,,,,,,,,,,,,,,,,,,,,,,,,,,,,,70.52608484,,,,,,,,,,59.77109066,,,,,,,,,,50.98936229,,,,,,,,,,
Uruguay,URY,,,,57.77000046,,,,,,,,,,,,54.15000153,,,,,,,,,54,41.16999817,,,,,32.15999985,53.86999893,54.24000168,54.11999893,57.54999924,58.38000107,57.40999985,,59.55690002,57.5223999,57.9673996,59.52909851,55.12229919,52.5007019,52.69409943,53.06409836,53.40319824,55.04579926,53.88819885,54.11669922,53.64910126,54.62530136,53.42559814,53.36600113,53.0746994,50.63439941,49.46049881,48.02830124,47.73740005,45.7521019,
United States,USA,56.40000153,56.29999924,55.79999924,55.20000076,55.29999924,55.79999924,57.09999847,57.70000076,57.70000076,58.90000153,59.79999924,59.90000153,61.79999924,63.70000076,64.90000153,64.59999847,65.30000305,66.69999695,68.19999695,68.59999847,68.09999847,67.69999695,67.19999695,67.09999847,67.69999695,68.30000305,68.59999847,68.40000153,68.40000153,68.59999847,67.30000305,66,66.09999847,66.09999847,66.54689789,66.43789673,65.70469666,65.71050262,65.87159729,65.47740173,65.80570221,64.52719879,63.28480148,61.55720139,61.14419937,60.78020096,60.61709976,59.38890076,58.77690125,56.85910034,55.16579819,54.96889877,55.81610107,55.04959869,55.00780106,54.99629974,55.16490173,55.46640015,55.21559906,55.87639999,
Uzbekistan,UZB,,,,,,,,,,,,,,,,,,,,,,,,,,,,,,,,,,,,,,,,,,,,,,,,,,,,,,,,,,,,,
St. Vincent and the Grenadines,VCT,,,,,,,,,,,,,,,,,,,,,,,,,,,,,,,,57.15000153,,,,,,,,,,49.40000153,,,,,,,52.40999985,,,,,,,,,,,,
"Venezuela, RB",VEN,,49.20000076,,,,,,,,,,43.72999954,,,,,,44.13999939,,44.09999847,,42.66999817,42.47000122,41.11000061,42.34000015,42.52999878,42.16999817,41.72000122,41.93999863,43.11999893,44.61000061,45.68999863,44.25,40.90999985,44.11999893,46.40000153,47.29999924,50.25,51.5,,,52.29999924,54.81999969,54.09999847,,46.26580048,45.60969925,44.46120071,43.85229874,42.81969833,41.61220169,40.65610123,39.85269928,,,,,,,,
British Virgin Islands,VGB,,,,,,,,,,,71.54000092,,,,,,,,,,68.31999969,,,,,,,,,,,64.51999664,,,,,,,,,,,,,,,,,,,,,,,,,,,,,
Virgin Islands (U.S.),VIR,,,,,,,,,,,,,,,,,,,,,37.13000107,,,,,,,,,,47.11000061,,,,,,,,,,,,,,,,,,,,,,,,,,,,,,
Vietnam,VNM,,,,,,,,,,,,,,,,,,,,,,,,,,,,,,79.91999817,,,,,,,69.59999847,66.19999695,63.20000076,60.20000076,56.20000076,60.79999924,58.70000076,57,56.13999939,,,55.917099,,59.48989868,58.13430023,56.34429932,55.03889847,57.52370071,57.58359909,58.91389847,56.61180115,56.4715004,55.14120102,52.89580154,
Vanuatu,VUT,,,,,,,,,,,,,,,,,,,,73.88999939,,,,,,,,,,78.44999695,,,,,,,,,,,,,,,,,63.05110168,,,54.49440002,44.50849915,,,,,,,,,,
World,WLD,,,,,,,,,,,,,,,,,,,,,,,,,,,,,,,,,,,,,,,,,52.75022823,,,,,,,,,,45.30505509,,,,,,,,,,
Samoa,WSM,,41.33000183,,,,,47.41999817,,,,,45.22000122,,,,,42.70000076,,,,,38.54000092,,,,,,,,,,46.45999908,,,,,,,,,,38.88000107,,,,,,,,,,,21.85379982,,21.85000038,,,32.36299896,,,
Kosovo,XKX,,,,,,,,,,,,,,,,,,,,,,,,,,,,,,,,,,,,,,,,,,,,,,,,,,,,,21.86179924,,23.04000092,20.20000076,21.21999931,23.70000076,22.44000053,25.97060013,
"Yemen, Rep.",YEM,,,,,,,,,,,,,,,,,,,,,,,,,,,,,,,,,,,32.68000031,,,,,36.09999847,,,,,,,,,,,30.26000023,,,,25.80470085,,,,,,
South Africa,ZAF,18.39999962,,,,,,,,,,20.5,,,,,,,,,,15.52999973,,,,,16.10000038,,,,,,13.03999996,,,,,,19.60000038,22.89999962,27.10000038,29.37339973,29.67519951,29.88229942,28.68519974,27.12290001,27.78709984,28.36989975,28.54750061,30.73730087,28.0753994,26.15329933,25.49060059,25.38439941,25.77300072,25.28389931,26.6364994,26.42020035,26.67630005,25.43589973,25.68619919,
Zambia,ZMB,,,,,,,,,,12.09000015,,,,,,,,,,,47.79999924,,,,,,,,,,,,,,,,,,,,39.93999863,,,,,68.59999847,,,56.09000015,,,,,,,,,18.95019913,15.59609985,,
Zimbabwe,ZWE,,,,,,,,,,,,,,,,,,,,,,,55.47999954,,,,59.59999847,53.06000137,,,,,,,,,,54.27000046,,52.15000153,,,,,74.12999725,,,,,,,72.65070343,48.25999832,,75.41809845,,,,,29.85359955,
