Country Name,1960,1961,1962,1963,1964,1965,1966,1967,1968,1969,1970,1971,1972,1973,1974,1975,1976,1977,1978,1979,1980,1981,1982,1983,1984,1985,1986,1987,1988,1989,1990,1991,1992,1993,1994,1995,1996,1997,1998,1999,2000,2001,2002,2003,2004,2005,2006,2007,2008,2009,2010,2011,2012,2013,2014,2015,2016,2017,2018,2019,2020
Aruba,,,,,,,,,,,,,,,,,,,,,,,,,,,,,,,,,,,,,,,,6159,6178,6428,6757,6869,6973,7116,7439,7853,7270,7439,7342,7378,8377,,,,,,,,
Afghanistan,,,,,,,,,,,116174,134069,153060,165346,172797,185723,204889,223379,238674,,293308,332935,178423,,198337,206381,187745,,205392,202572,182340,281928,,332170,497762,512851,,,,,,362415,,406895,594306,651453,1006841,1035782,1425009,1716190,2044157,2208963,2415884,2538420,2602734,2651459,2725421,2899453,3063889,,
Angola,,,,,,,,,,,,57829,67230,79055,,,,,105368,,143556,190702,139784,131918,170545,151759,178910,179338,156200,178868,171156,187436,218987,,,,,,291708,300480,354984,413695,461825,,,,,,646180,711232,850334,884982,,,,,2034150,,,,
Albania,,,,,,,,,,,,,,,,,396099,,415601,428218,440617,447501,428750,405293,408591,426837,446794,449699,459880,465958,475074,478285,404904,362439,350912,349430,346945,350157,359509,363502,365664,377936,382205,396095,393503,407403,408980,410444,406553,354587,355871,355158,349269,346365,333291,315079,294315,280378,268872,256072,
Andorra,,,,,,,,,,,,724,723,698,890,1339,1753,,,,,,,2516,,,,,,,,,,,,,,,,,,,3132,3194,3250,3737,3843,3819,3851,3914,4059,4159,4208,4239,4319,4395,4425,4492,4513,4567,
Arab World,,,,,,,,,,,4882864,4988196,5279066,5603844,5951606,6451998,7025481,7613228,8264846,8873104,9445859,10100000,10700000,11300000,12000000,12700000,13600000,14200000,14700000,15000000,16400000,16500000,16600000,17200000,18400000,18900000,19400000,20400000,21500000,22400000,23400000,24300000,25200000,26800000,27800000,28100000,28200000,28500000,28900000,29600000,30200000,31300000,31800000,31300000,30900000,31400000,31700000,32200000,32900000,33700000,
United Arab Emirates,,,,,,,,,,,,4622,5905,6422,6210,7971,12562,16244,18905,22668,27264,32362,39868,45957,51892,56733,62082,68259,76404,85586,95669,107881,118011,129683,145143,159840,,180764,190576,,,,,,,,,,,,,,,,,,441510,528480,,,
Argentina,,,,,,,,,,,976979,1011566,1061616,1125715,1197729,1243058,1283056,1288107,1293073,1296839,1326680,1366444,1425648,1466424,1635654,1800049,1848815,1897711,1974119,,2160410,2263263,,,2307821,,2594329,2463608,3201468,3665865,3829421,3904915,3905207,3902011,3919748,3884317,3872929,3897005,3963715,4106048,4213136,4279426,4346391,4406046,4450741,4501734,4583002,4612663,,,
Armenia,,,,,,,,,,,,,,,,,,,,,,,,,,,,,,,,394879,394701,402394,343096,,330577,334922,347474,351392,409423,393420,,,373693,369736,362542,345830,318606,313249,305765,255835,,252428,244543,240291,,,234983,248972,
American Samoa,,,,,,,,,,,,,2305,2484,2392,2373,2500,2602,2679,2679,2679,3000,2960,2999,3051,3287,3342,3295,3210,3335,3437,3565,3643,,,,,,,,,,,,,,,,,,,,,,,,,,,,
Antigua and Barbuda,,,,,,,,,,,,,7248,4996,6904,6430,6827,6927,5706,,,,,,,,,,,,,,5845,,,,,,,,5276,,,,,,,7838,8628,8557,8436,8449,8383,,8077,8048,,7839,7856,,
Australia,,,,,,,,,,,1136960,,,,,,,,,,,,,,,,,,,,,,,2029407,2003504,2182085,2280274,2367692,,,,,,,,,,,,,,,,,,2709319,2662318,2650486,2379962,,
Austria,,,,,,,,,,,,775335,,,,,914475,,,,,937484,907378,893143,864510,850653,847188,818885,790819,764145,753964,746272,756385,768176,778006,786156,791453,793485,741558,747681,748659,749135,755581,764426,770391,781292,782981,777792,770792,762981,743709,723523,709910,706501.625,697388.4375,691071.25,687126,687361.75,687386.125,,
Azerbaijan,,,,,,,,,,,,,,,,,,,,,,1008831,,,,,930557,,,902723,867185,867386,880096,887952,873936,877809,805382,819625,,,,,,,,,,,,,,,,,,,,,945226,967454,
Burundi,,,,,,,,,,,,8169,8678,7868,9926,12297,13623,13736,14891,15886,16410,19013,20398,19917,21424,23984,25939,29027,31045,34899,38194,44207,48398,55713,,,,,,,,113427,122469,129204,152251,171110,192296,209945,,288956,337577,381041,420117,490858,583308,664243,723357,665116,674855,650269,
Belgium,,,,,,,,,,,,723703,752093,769865,784654,788773,795203,811608,832600,840326,839002,835524,835177,818611,825108,827839,824997,812991,805647,794023,781488,769438,765672,1040586,1053445,1061790,1058998,,,1033484,1057536,1125256,1149329,1176372,1143982,1200324,1218946,1220793,1221848,1206211,1202775,1190846,1191573,1206574,1210112,1217912,1196383,1186830,1179334,,
Benin,,,,,,,,,,,,17889,22132,27992,33397,40088,43123,47370,53519,59461,69982,89969,106908,126485,123884,120582,107172,102171,,,,,,,,,,,,213474,229228,256744,287292,312427,344890,,,,,,,723727,,868990,896763,963787,992999,,,,
Burkina Faso,,,,,,,,,,,,10717,11179,12132,14416,15470,16227,18081,19319,21018,25113,27539,31398,32605,35966,43843,53565,62582,72207,84511,91022,98929,105542,115753,125191,,,,,173205,189689,199278,,236914,266538,295412,319749,352376,423543,467658,537988,604168,676337,762445,841886,965550,1058163,1162297,1281007,1342143,
Bangladesh,,,,,,,,,,,,,,2265469,,,2183413,2238186,,2349920,2659208,2407888,,2959437,3111267,3125219,3136454,3272858,3340120,3406520,3592995,,,,,,,,9133579,9912318,10329065,10690742,11024326,11051234,10354760,10109395,10250862,10444714,10036889,10907065,11334055,11542964,12187154,13314077,,14566771,15787818,15314757,15869820,15710974,
Bulgaria,,,,,,,,,,,,843894,845445,848718,854039,856582,809823,828214,809785,782951,782819,785615,792343,802465,809919,828736,887929,907595,930465,940260,910101,896343,864882,822109,778739,771800,756549,733362,711634,699957,696073,695474,693289,707251,704678,685640,662510,633343,593321,554835,531980,523355,503786,519569,518914,501398,487087,485586,489665,,
Bahrain,,,,,,,,,,,,13652,14432,15423,16832,18074,18617,19554,21485,22853,24233,26528,28710,33629,33476,35901,38577,39951,40540,41038,40238,47005,48600,51513,54193,56057,57222,57184,58547,58664,61058,62221,64439,67160,69638,71645,73767,,77928,79162,79919,81857,83141,88866,90092,92454,95666,97733,99026,102003,
"Bahamas, The",,,,,,,,,,,,21422,22536,23317,26351,29438,30610,,,,30224,28136,27731,27649,29496,27147,27604,29765,,,26835,26861,29559,29863,28532,28435,,27970,,26614,,,31713,,30857,32089,32709,34217,34399,34274,34406,32973,33351,29939,31681,25766,28384,30740,26884,,
Bosnia and Herzegovina,,,,,,,,,,,,,,,,,,,,,,,,,,,,,,,,,,,,,,,,,,,,,,,,333304,338971,334355,322766,316241,313321,309015,297460,278071,263010,253070,247714,240189,
Belarus,,,,,,,,,,,,809800,844640,871880,892797,889777,879169,858677,833331,808000,783900,756500,733900,720800,713700,713100,716200,720300,720700,720400,711700,968200,968200,970300,993900,1024600,1055200,1064700,973500,,,,,,,,,,880231,822899,762616,722508,693047,660837,648541,644153,644344,644334,649357,,
Belize,,,,,,,,,,,,,,,,,,,,,12259,12248,12229,,,,14647,15505,,,,16550,,,19751,20226,,,,21659,23235,24395,,27880,29082,29185,30084,30475,31120,31721,32780,33614,35391,36778,37095,37856,41046,39756,40353,40641,
Bermuda,,,,,,,,,,,,4268,4352,4732,4539,4700,4824,5393,5269,5261,5324,,,,,,,,,,,,,,,,,,,,,4566,4565,4660,4803,4756,4518,,,,4418,4320,4224,4175,4093,4040,,,,,
Bolivia,,,,,,,,,,,159580,173709,195664,205425,,251074,,,,,,,,,,,,,,,,,,,,,,,756213,829759,800107,846804,914919,961699,1010459,1038195,1043127,1052014,1059641,1054878,1135844,1114449,1153850,1189580,1208552,1233875,1243485,1235538,1233738,,
Brazil,,,,,,,,,,,4086073,4562126,5598583,6058379,8012497,8614147,9403986,10102668,10521905,,,,,,,10454336,,,,,,,,,,,,,,,,,26789210,24592568,25155104,24863112,,23423870,23645668,23616942,23538716,23399408,23134072,24881382,24224944,23501784,23538072,23118180,22863908,,
Barbados,,,,,,,,,,,,27593,28353,28738,27585,29724,29025,28677,30021,29446,29816,28818,27787,27640,27715,28695,,,,25422,24004,,,,,,,,,21841,21016,20866,20872,20947,21300,21418,20855,20651,20337,19928,19497,19696,,,20603,20554,20370,20249,19571,19121,
Brunei Darussalam,,,,,,,,,,,10974,11801,12765,13145,13704,14614,15946,16005,16410,16891,17441,17869,18734,19940,19904,20462,20295,,,,,25699,26836,28210,28851,,,,32663,34426,35209,36986,38692,40022,42167,43900,45887,46173,46826,48119,48724,49916,52396,51738,49009,47249,45589,44464,44079,42679,
Bhutan,,,,,,,,,,,714,852,1059,,1788,,,1536,,,,,4408,5298,5872,6094,,,,,,,,,,,,,18334,21507,25241,29115,,,,42144,45109,49011,52098,56543,60036,62768,66072,68775,74227,74320,74393,75444,76221,,
Botswana,,,,,,,,,,,5197,6210,7195,10629,12245,14286,16275,17896,18977,19538,20969,22962,,25010,30902,36144,39713,42952,44194,53849,61767,77998,80358,90658,91862,111134,,,153442,157804,163001,163354,166089,167919,171488,173027,176902,178314,168220,,,,,,,,,,,,
Central African Republic,,,,,,,,,,,,11279,14110,16347,18291,20019,23011,24844,30554,32514,38500,45211,54400,55368,,58104,59273,50690,46258,45340,49147,50930,43740,,,,,,,,,70162,71893,,,,,,,93341,,126017,125907,,,,118883,137844,,,
Canada,,,,,,,,,,,,2527143,2582284,2595716,2579041,2596732,2589862,2587871,2544408,2474183,2388308,2323228,2340255,2321381,2323105,2287746,2250941,2238224,2242938,2249305,2254654,2292497,2337513,2402531,2455427,2469552,2505389,,2564963,2511517,2519080,,,,,2601926,2632432,2657320,2668134,2657932,2611619,2583789,2734631,2697507,2661089,2641675,2640933,2653009,2654199,,
Central Europe and the Baltics,,,,,,,,,,,10300000,10300000,10300000,10200000,10100000,10000000,9835285,9756471,9650572,9586000,9597499,9740574,9892637,10000000,10200000,10500000,10700000,11000000,11300000,11500000,11600000,11300000,11000000,11200000,11100000,11000000,11000000,11000000,10900000,10900000,11000000,11000000,11000000,11000000,10400000,10200000,9907072,9534141,9236725,8875275,8599326,8316816,8008284,8168669,7865953,7626223,7431888,7347827,7291400,7302246,
Switzerland,,,,,,,,,,,,,,,,,,,626312,640872,653294,661315,663054,661969,659858,649958,634750,618667,603541,588545,577406,567396,562465,558487,564705,561716,559924,,538775,544433,549369,553618,550317,555505,563701,574783,584073,592454,598957,601033,605184,605000,606162,617000,,614470,609783,608845,608878,,
Channel Islands,,,,,,,,,,,,,,,,,,,,,,,,,,,,,,,,,,,,,,,,,,,,,,,,,,,,,,,,,,,,,
Chile,,,,,,,,,,,590130,689305,764393,823613,848773,848408,863413,903617,933204,967455,969693,979454,982337,1051593,1089719,1133670,1153246,,1196815,1165721,1117511,1386860,1390586,1110657,,,,,1245787,1304679,1391283,,1496937,1557120,1594966,1630099,1633868,1611631,1588836,1528200,1518224,1493033,1443554,1571374,1556372,1546323,1530162,1520724,1522145,,
China,,,,,,,,,,,20253372,26482476,31493670,36166904,34946780,37137884,45368416,59055676,68488200,66371588,60248276,56777808,50145904,47027980,46865160,49236900,51663800,54108600,55062400,53621700,51799200,52385600,53690000,55100000,55548100,58941484,63800416,68275440,,77436272,81487960,86516712,90722792,95624760,,,101195120,101830968,101448264,100392464,99218080,97452464,95004208,94324416,88691792,86127200,83956320,83407928,84321856,86101696,
Cote d'Ivoire,,,,,,,,,,,,69714,80605,92101,94292,104730,119482,130102,147563,168971,197248,221940,,242126,251417,266801,,284925,,,,,,,,,,,,591549,,,,,,,,,,,,,,,1418361,1587348,1727227,1898243,2040520,2227143,
Cameroon,,,,,,,,,,,,76461,87284,99970,111038,126654,143812,163810,183179,198616,212860,234090,248786,273660,296538,328423,343720,386867,416764,439365,457161,500272,534451,,550480,550648,,549569,587611,642781,699669,848276,759804,823068,751580,784203,698444,976910,1127691,1268655,,1574451,1713452,1812849,2000076,2108279,2206878,,,,
"Congo, Dem. Rep.",,,,,,,,,,,,248318,297028,324966,335221,446644,511481,599412,704332,830429,845577,861774,879057,897468,917052,937859,959934,983334,1066351,,,,1097095,1218760,1341446,1514323,,,,,,,,,,,,2815175,3129488,3398550,3484459,3782945,3894024,3995631,4388456,4618895,,,,,
"Congo, Rep.",,,,,,,,,,,,34267,42066,54893,72517,87968,102110,122006,136642,149386,159218,187585,206299,209715,201583,202908,222633,235050,226952,200537,181979,182967,191459,,212850,,214650,,,,,,194101,204096,235294,,,,,,,,339250,,,,,,,,
Colombia,,,,,,,,,,,750055,837458,916165,1159996,1284347,1370567,1490779,1616111,1633635,1691356,1733192,1768124,1816628,1816599,1889023,1934032,2136239,2187752,2235284,2282816,,2377947,2686515,2829435,2935830,3025350,3252128,,3549368,3589425,3568889,,3723348,,4050525,4297228,4509406,4684033,4772189,4992062,5079732,5130778,4903462,4910024,4827962,4793963,4784912,4784846,4821029,,
Comoros,,,,,,,,,,,,1273,,2623,3197,,,,,,,13798,,,,,21056,21168,,,,,15878,,17637,,,,,28718,,,33874,38272,42919,,,,,,,,,67764,70234,,,67445,73695,,
Cabo Verde,,,,,,,,,,,,,4096,,,,,,,,3129,3341,3691,,4465,,,5675,6413,6891,7866,,,,14097,,,,,,44715,44748,48055,49522,49790,52671,61465,60783,61906,60769,61677,62222,61956,62297,59823,58657,57730,56469,53355,,
Costa Rica,,,,,,,,,,,61068,67688,77828,94490,106511,111538,116037,121202,,134350,135830,133909,130347,122836,117412,112531,114655,116928,118357,123052,130553,139303,151513,160291,169777,179440,183162,192678,227328,254597,255643,280341,288965,,339763,347244,374428,377924,380813,405584,413686,419453,427760,447280,460235,460252,462855,467513,476668,504316,
Caribbean small states,,,,,,,,,,,365982.7,371206.2,392300.3,406987,411492.1,469328.5,499403.8,515339.9,529988.8,540665.5,560502.3,539008.9,538033.3,540386.4,538114.6,550635.1,558170.9,560201.5,566971.3,555660.1,558679.8,563966.3,562198.8,554131.8,572960.3,596238.8,623031.2,642480.7,564655.6,575260.3,582024.6,588190.4,585007.4,581025.8,594759.5,600728.5,608115.9,613560.7,618921.4,620437.2,616561.1,617211.3,600319.7,580970.9,574469.8,561015.4,567061.4,553628.6,545549.7,546311.4,
Cuba,,,,,,,,,,,,272526,252801,285274,348684,449041,629398,806049,818346,936088,1127591,1146414,1158151,1116930,1140917,1144790,1156555,1153659,1143137,1127035,1073119,1002338,912165,819712,725800,674152,704601,712897,,739980,789927,836642,895742,938047,932338,937493,928342,898833,865602,826088,808904,797860,784466,787297,830375,825055,826759,815786,795057,771999,
Curacao,,,,,,,,,,,,,,,,,,,,,,,,,,,,,,,,,,,,,,,,,,,,,,,,,,,,,,11219,,,,,,,
Cayman Islands,,,,,,,,,,,,,907,1187,1340,1556,1495,1558,,,1446,2075,,,,,,,,,,,,,,,,,,2151,2342,2337,2341,,2701,2824,2899,3010,3198,,,3246,3302,3387,,,,,3476,,
Cyprus,,,,,,,,,,,,42305,45041,48069,49668,46800,49373,50633,49358,48886,48797,47599,48881,48527,49274,48752,46159,44308,42191,42613,43219,44614,47908,51641,54687,57804,59845,61266,,63050,63677,64065,63871,64711,64534,64293,64714,64853,64966,64557,63662,62894,61801,60793,58634,57161,55711,55212,54966,,
Czech Republic,,,,,,,,,,,,1025567,1000466,974907,956646,960085,980311,1001695,1013162,1021962,1021020,,1148591,1136748,1117289,1138810,1160863,1227253,1237801,1285595,1287458,1267699,1201149,1200260,1189988,1193245,1190725,1067160,956551,928467,957763,1004130,998608,1000493,982208,975284,966280,937026,903691,868328,836847,805253,777216,801314,781392,770437,765502,772457,787114,,
Germany,,,,,,,,,,,,,,,,,,,,,,,,,,,,,,,,7398011,7500078,7933806,8070103,8152297,8260674,8382335,8080886,8185146,8307277,8387525,8465150,8446559,8381930,8267636,8184604,7981848,7907105,7740935,7663755,7528270,7392963,7289386.5,7201072,7112949.5,7073164,7028712.5,6948797.5,,
Djibouti,,,,,,,,,,,,1385,1841,1674,1920,2158,1994,,,3774,4472,5133,5543,5932,6331,6617,7041,8003,8136,8902,9152,9513,10026,9740,10384,11384,11860,13311,,15511,15812,18808,20516,,26549,30142,30265,34972,41159,44481,,50965,55082,57155,58553,59483,61284,60772,65144,65499,68493
Dominica,,,,,,,,,,,,,,6649,6566,6379,6487,6516,6342,6779,,,,,7562,,7370,6308,,,5634,,,,,,,,,7126,7429,7456,7500,7724,7477,7476,7475,7481,7309,7214,6766,6507,,,5663,5561,,,,4863,
Denmark,,,,,,,,,,,,407103,,,,,,,452625,467879,486692,498944,498462,495950,486541,483859,487526,488775,485842,483502,474908,464555,455639,448596,445746,444682,438809,,423986,422399,426149,441523,434517,446863,449750,464952,463617,475140,484199,493144,504205,519115,527851,555278,553791,553263,540622,534080,531247,,
Dominican Republic,,,,,,,,,,,,126261,141070,161727,176727,191095,260133,279314,298293,318905,337511,356091,379377,,480387,,463511,,,,,,,,425216,454561,,,585230,610519,653558,,757790,,782690,808352,,920494,909331,934126,904527,898690,905616,919763,931068,929493,928854,924737,924714,940592,
Algeria,,,,,,,,,,,,242335,299280,343393,384001,429684,509258,612229,741961,844291,933335,1028294,1154709,1297490,1452389,1611744,1823392,1975853,2082646,2111292,2162469,2175580,2232780,2305198,2412079,2472569,2544864,2618242,,2984927,2994258,3188826,3352340,3455930,3604785,3654232,3664852,3724095,3984536,4576166,4616226,4572513,,,,,,,,,
East Asia & Pacific (excluding high income),,,,,,,,,,,30700000,37500000,43100000,48400000,47800000,50700000,60100000,74600000,85100000,84400000,79300000,76700000,71000000,69200000,69600000,73100000,76500000,80600000,82100000,80900000,78400000,79300000,81400000,83700000,85600000,91200000,98100000,104000000,110000000,116000000,120000000,126000000,131000000,138000000,143000000,144000000,146000000,149000000,148000000,148000000,148000000,147000000,145000000,145000000,142000000,140000000,138000000,140000000,143000000,145000000,
Early-demographic dividend,,,,,,,,,,,44600000,46000000,48600000,51200000,53700000,56700000,59700000,62900000,66300000,69900000,74000000,77700000,82700000,88900000,93800000,98900000,104000000,108000000,112000000,115000000,121000000,127000000,134000000,141000000,147000000,152000000,158000000,164000000,169000000,172000000,180000000,185000000,193000000,202000000,208000000,213000000,219000000,228000000,234000000,238000000,247000000,258000000,266000000,271000000,283000000,287000000,293000000,293000000,300000000,300000000,
East Asia & Pacific,,,,,,,,,,,38300000,50100000,56100000,61600000,61300000,64700000,74400000,89400000,100000000,100000000,95200000,93200000,87900000,86500000,87400000,91500000,95500000,99900000,101000000,100000000,97300000,97900000,99600000,102000000,104000000,109000000,116000000,119000000,127000000,132000000,137000000,142000000,147000000,153000000,158000000,160000000,161000000,164000000,163000000,164000000,163000000,162000000,160000000,160000000,156000000,155000000,152000000,154000000,156000000,157000000,
Europe & Central Asia (excluding high income),,,,,,,,,,,35500000,36000000,36500000,36800000,36800000,36700000,36400000,36000000,35400000,34700000,34000000,33400000,33200000,33200000,33500000,34200000,35000000,35600000,36100000,36400000,36400000,36700000,36600000,36600000,36600000,37400000,37700000,38200000,38700000,39600000,40200000,41100000,41200000,40700000,39000000,37400000,36500000,35600000,34200000,33700000,33400000,33100000,32600000,34900000,35000000,34800000,35100000,35800000,36200000,36900000,
Europe & Central Asia,,,,,,,,,,,75200000,76100000,77500000,79000000,80400000,81000000,81500000,81900000,81900000,81600000,81300000,80900000,80600000,80500000,80500000,80900000,81900000,82200000,82200000,82000000,81700000,81600000,81600000,83100000,84100000,84600000,84300000,84500000,83900000,85000000,85700000,86900000,87100000,86500000,83900000,82400000,80800000,79300000,77700000,76700000,76400000,75200000,74200000,78600000,78300000,77800000,77800000,78600000,78900000,79700000,
Ecuador,,,,,,,,,,,,216727,239557,267422,299456,336702,383624,425765,461115,498165,540639,591969,634933,672575,655219,715082,730226,750018,771928,,792297,785844,811666,814359,,,806096,,866606,903569,917245,936406,966362,972777,996535,1053175,1103258,1141866,,1571052,1655274,1749833,1822637,1882586,1942230,1932353,1929522,1903418,1891648,,
"Egypt, Arab Rep.",,,,,,,,,,,,1448242,1559189,1668435,1775449,1982752,2176362,2397265,2561268,2685306,2807158,2929168,3085465,3246625,3414756,3590986,3826601,4041602,4130812,4180754,5286776,5507257,5284174,5515092,6133308,6147263,6142651,6717162,,7671031,8028170,8323597,8360316,8384065,8329822,,,,,6665801,6845748,7745940,7910112,8121734,8208329,,8744802,8938257,9136789,9413798,
Euro area,,,,,,,,,,,25900000,26200000,27100000,28200000,29200000,29900000,30700000,31500000,32000000,32300000,32600000,32600000,32400000,32200000,31900000,31600000,31700000,31400000,30800000,30300000,29900000,29800000,30000000,30700000,31500000,31400000,30800000,30400000,29400000,29300000,29300000,29400000,29500000,29400000,29000000,29200000,29100000,28700000,28600000,28300000,28400000,28300000,28100000,28200000,28100000,28100000,28000000,28100000,28200000,28200000,
Eritrea,,,,,,,,,,,,,,,,,,,,,,,,,,,,,,,,,,60955,66524,72969,80182,89087,,115393,135209,142124,152723,161273,194124,216944,227786,218369,229079,242115,248082,256512,265600,268634,270088,245806,,247424,260421,,
Spain,,,,,,,,,,,,2313272,2237893,2498587,2676845,2918126,3188619,3381677,3502459,3775195,3912777,3976747,4067568,4169047,4112760,4222836,4555541,4684739,4805155,4845905,4695375,4755322,4773349,4859965,4837802,4744829,4117052,3852102,3389191,3299469,3245950,3183282,3106777,3052662,3048188,3107816,3091036,3080161,3069321,3065017,3185008,3248018,3296129,3296359,3288424,3313127,3329389,3332678,3371069,,
Estonia,,,,,,,,,,,,,,,,,,,,,,,,,,,126440,,,114049,138688,134463,132020,123920,122894,125052,112288,,115608,115885,116886,118980,123269,123074,124382,124493,120246,114108,106059,99562,95331,90717,85183,80840,77873,77910,80212,82646,84017.25,,
Ethiopia,,,,,,,,,,,,135179,149303,169635,191704,,,,,,,,,,583783,,666169,752346,852250,882119,,866016,782412,720825,723009,756249,819242,,,1059753,1194701,1495445,1734131,1857817,2140751,2488465,2992589,3430129,3696385,3882551,4206700,4541623,4928710,,,5028678,,,,,
European Union,,,,,,,,,,,39600000,40000000,40900000,42200000,43500000,44200000,45000000,45800000,46300000,46800000,47000000,47200000,47200000,47100000,46700000,46500000,46700000,46500000,46000000,45600000,45200000,44800000,44900000,46400000,47300000,47100000,46400000,46100000,45000000,45100000,45300000,45500000,45700000,45600000,44600000,44800000,44000000,43300000,43000000,42500000,42500000,41600000,41000000,43200000,42800000,42400000,42100000,42200000,42100000,42200000,
Fragile and conflict affected situations,,,,,,,,,,,4805206,4954400,5288644,5663925,5996988,6471045,6934091,7330882,7936380,8720585,9406669,10300000,11100000,12000000,12800000,13400000,13200000,13600000,13800000,14000000,14000000,14600000,14900000,15400000,16100000,16900000,17400000,17900000,18600000,19100000,20300000,21600000,22800000,25000000,27000000,28000000,29100000,29600000,32000000,34300000,36700000,38500000,40400000,43000000,41800000,43500000,43700000,45000000,46300000,,
Finland,,,,,,,,,,,,509691,521167,516954,516979,508205,419808,431090,437675,446041,447643,449322,446341,439471,441950,434507,424076,410807,406835,409414,418209,426864,446207,443831,455300,454707,460878,469933,469495,479882,494095,499882,501689,508063,425966,430596,432565,432607,431233,428332,426710,422872,415505,541021,536925,540067,539816,543436,546469,,
Fiji,,,,,,,,,,,41780,45695,50348,53906,57622,60566,63293,65870,67328,68292,66985,65256,,65086,65149,63347,65236,67422,,,,84557,91123,,,,,,98726,98290,97840,96431,97696,99210,102023,,100243,99098,98561,97937,,100913,97254,,,,,,,,
France,,,,,,,,,,,,4281446,4524381,4742060,5029242,4957483,4890152,4961775,4948694,4976489,5007508,5013666,5050028,5124403,5225994,5320621,5371593,5389806,5383946,5390489,5398599,5521862,5614894,5573582,5983059,6003797,5980518,5979690,5976438,5955495,5928745,5876047,5851530,5859127,5826848,6036192,5993897,5940366,5899298,5861961,5873103,5888388,5920216,5913849,5947212,5982868,6016608,6058330,6109604,,
Faroe Islands,,,,,,,,,,,,2776,,,,,,,,,,,,,,,,,,,,,,,,,,,,,,,,,,,,,,,,,,,,,,,,,
"Micronesia, Fed. Sts.",,,,,,,,,,,,12289,13060,14024,14721,,15233,15071,,,,,,,,,,,,,,,,,,,,,,,,,,,13506,13634,,,,,,,,,,,,,,,
Gabon,,,,,,,,,,,,9983,11461,14459,17544,20999,22542,23460,26342,26103,26750,29406,30222,32692,36160,39334,44124,44966,48274,47828,,,,,59442,65718,80552,84155,,86543,,100718,105191,,,,,,,,,,,,,,,,,,
United Kingdom,,,,,,,,,,,,4149067,4279612,4424528,4829346,4990440,5154371,5285143,5344922,5380774,5360097,5341849,5329275,5296000,5173000,5024000,4877000,4688000,4508000,4365912,4284000,4335600,4433500,4868593,4938261,4986597,5000486,4975266,5012393,5202387,5314730,5376980,5518839,5541262,5712635,5760887,5357793,5306369,5356450,5429636,5538230,5000332,4849275,6496973,6556991.5,6374675,,6386316.5,6173690.5,,
Georgia,,,,,,,,,,,,,,,,,,,,,,687475,,,,,668884,,,,,567998,530751,466166,453502,437413,441557,444058,,442373,443643,448564,450787,452685,312333,316430,314427,321171,305388,341649,,,,292596,281739,277874,274579,275464,280425,282929,
Ghana,,,,,,,,,,,,545414,,547486,534589,536660,555980,576979,592262,613710,659950,693159,695466,729565,753665,751192,779980,797528,862914,793388,829518,,,,,940948,,,,1024135,1056616,1031402,1098873,1166604,1276670,1370261,1454097,1617803,1723734,1812084,,2148266,2223821,2356686,2265692,2439501,2511865,2550714,2677145,2851160,
Gibraltar,,,,,,,,,,,,1794,1447,1518,1589,1605,1629,1777,1769,1803,1813,1811,1842,1832,1825,1806,,,,,,,,,,,,,,1370,1471,1550,,,,,,,1674,1657,,,,,,,2100,2212,,2157,
Guinea,,,,,,,,,,,,63409,,,,,,83020,91011,92404,97130,98305,93660,94848,97719,101121,92754,82088,,81325,78659,85942,,106811,116377,,132722,,,167608,,235210,276084,305717,344630,420057,482825,,530705,,,640245,657383,,715702,,,,,,
"Gambia, The",,,,,,,,,,,,5042,5482,5791,5997,6162,6618,7456,7588,8101,8940,9657,10569,12424,14430,15913,15918,15978,16136,17310,18510,20400,21786,25929,27120,31567,32097,,,,,,,,,,,,116924,123022,124397,,,,,,,,,,
Guinea-Bissau,,,,,,,,,,,,4215,4023,,,,2153,3177,3731,4290,4256,4757,6294,8432,9634,9384,,6450,5468,6330,,,,,,,,,,,25780,,,,,50507,55176,,,,,,,,,,,,,,
Equatorial Guinea,,,,,,,,,,,,6014,,,,,4523,,,,2729,,,4368,,,,,,,,,,17535,16616,,,,,20056,20705,19809,21173,,,25544,,,,,,,,,,,,,,,
Greece,,,,,,,,,,,,520323,569319,593442,618417,635140,661796,677884,689784,697336,725263,740058,778024,753096,790368,802817,813534,835845,840020,847495,843732,851353,870235,843403,851294,842633,835158,817566,798668,770883,738744,743462,756839,713850,695838,715537,704515,682012,,,716601,692302,692957,694933,667718,662741,662446,667797,668196,,
Grenada,,,,,,,,,,,,4081,5178,4773,4872,9910,10197,10088,10077,9797,9413,8626,8645,8578,9994,9694,9571,9669,9600,9319,9406,9776,9896,10213,,,,,,,,,14467,14860,13660,12549,,13060,12469,11031,11500,,,10040,9736,9309,9185,8834,9135,,
Greenland,,,,,,,,,,,,,,,,,,,,,,,,,,,,,,,,,,,,,,,,,,,,,,,,,,,,,,,,,,,,,
Guatemala,,,,,,,,,,,75474,65708,73506,75155,90462,99233,111228,119105,159040,168010,171903,181721,177948,185959,194484,204049,223473,,,,,294907,,334383,357878,372006,375528,384729,399652,434912,503884,547913,608420,,698561,754496,809131,864154,902796,982650,1082320,1113881,1139559,1159708,1165624,1220652,1220113,1220327,1227191,1195065,
Guam,,,,,,,,,,,,10055,10602,11315,11873,12629,13242,13300,12000,14677,15308,14935,14759,13141,14063,14223,14557,14416,14595,16017,,,,,,,,,,,,,,,,,,,,,,,,,,,,,,,
Guyana,,,,,,,,,,,,60412,65412,68092,67853,,71327,,,,,,,,67362,70731,76546,76012,,,,,,,,,,,,62478,,72028,,64954,,70615,,72970,74673,77945,80676,86540,85934,,,,,,,,
High income,,,,,,,,,,,72000000,77800000,79900000,81700000,83600000,84900000,86200000,87500000,88300000,87400000,90700000,90900000,91500000,91600000,91900000,91700000,92400000,92400000,91600000,90800000,89900000,89600000,89900000,91800000,93600000,93700000,93700000,89800000,92800000,92900000,93000000,93700000,94000000,94700000,94100000,94700000,94200000,93900000,93700000,93100000,92800000,91900000,91400000,93500000,93100000,92700000,92200000,92100000,91800000,91200000,
"Hong Kong SAR, China",,,,,,,,,,,,230879,250906,273988,301096,338400,368655,395621,424538,453546,463798,468975,464923,459611,453369,454061,450367,455738,458444,,,,,,,,473817,,,,,490039,488537,487218,492779,498354,500708,510284,513787,511872,508269,486817,486942,439093,415971,393952,371900,357158,349086,341388,
Honduras,,,,,,,,,,,39839,47345,52325,,66411,56705,63115,93330,109390,111534,127293,,147990,156665,164453,184112,179444,,,,,194083,,203192,,,,,,,,,,,,,524367,554297,566938,,655294,663115,659558,642654,619832,637727,651807,655090,,688235,
Heavily indebted poor countries (HIPC),,,,,,,,,,,3351435,3463568,3666841,3854035,4012065,4327490,4634805,4980374,5341922,5744645,6218625,6704643,6915132,7277292,7641491,7831891,8021809,8261584,8690604,8795618,9030276,9408046,9595034,9873040,10400000,11000000,11500000,11800000,12600000,13400000,14200000,15400000,16500000,17700000,19300000,20900000,22800000,24700000,27000000,29200000,31600000,33700000,35700000,37600000,39200000,40500000,41900000,43300000,45100000,46400000,
Croatia,,,,,,,,,,,,,,,,,,,,,,,,,,,,,,,,,,420705,435864,421233,417475,416829,416907,416388,410407,405164,401921,399845,,400123,395836,392952,391637,391437,388515,384008,380753,379102,370356,360205,349018,339838,332460,,
Haiti,,,,,,,,,,,,,,,,,,,,84454,91247,99894,101519,120316,137513,,143758,,,,,,,,,,,,,,,,,,,,,,,,,,,,,,,,,,
Hungary,,,,,,,,,,,,1053264,998489,957390,905470,875361,855662,848081,852820,873465,893541,917219,941953,958032,971755,998337,1042754,1076516,1107224,1126937,1139788,1137932,1114493,,1156874,1128911,1112149,1103907,1017745,1006546,1001855,1007476,1013471,1029979,963242,960215,948856,937323,924414,913392,904848,882609,864391,890759,857807,826626,808744,807705,808569,,
IBRD only,,,,,,,,,,,103000000,112000000,121000000,129000000,132000000,138000000,150000000,167000000,179000000,192000000,189000000,189000000,187000000,189000000,194000000,190000000,210000000,217000000,222000000,224000000,228000000,235000000,242000000,251000000,258000000,267000000,278000000,289000000,298000000,305000000,316000000,325000000,335000000,344000000,352000000,356000000,358000000,364000000,368000000,368000000,374000000,380000000,383000000,388000000,395000000,393000000,395000000,394000000,400000000,402000000,
IDA & IBRD total,,,,,,,,,,,116000000,125000000,135000000,143000000,147000000,153000000,166000000,184000000,197000000,210000000,209000000,210000000,209000000,214000000,220000000,217000000,237000000,246000000,251000000,253000000,258000000,267000000,276000000,286000000,294000000,306000000,318000000,331000000,342000000,351000000,365000000,376000000,389000000,402000000,412000000,419000000,426000000,434000000,442000000,446000000,457000000,467000000,474000000,484000000,491000000,494000000,497000000,499000000,508000000,513000000,
IDA total,,,,,,,,,,,13100000,13600000,14300000,15100000,15600000,16400000,17000000,17700000,18600000,19500000,20900000,21700000,23000000,24800000,26400000,27600000,27700000,28700000,29500000,30000000,30600000,32700000,34400000,35600000,37200000,39200000,40800000,42300000,44600000,46500000,48900000,51900000,54700000,58100000,61300000,63900000,67900000,70800000,74600000,79000000,83800000,87500000,91600000,96600000,96900000,101000000,103000000,105000000,109000000,111000000,
IDA blend,,,,,,,,,,,4442852,4724920,5036315,5381324,5701739,6097491,6395221,6658609,7022225,7246987,7834679,8460829,9192307,10100000,11100000,11900000,11600000,12200000,12400000,12400000,12900000,13800000,14700000,14900000,15100000,15500000,15700000,16000000,16400000,16700000,17300000,18400000,19100000,20100000,21700000,22600000,24300000,25200000,26700000,28000000,29700000,30800000,32100000,35000000,33700000,35300000,35200000,35600000,37100000,38300000,
Indonesia,,,,,,,,,,,2459875,2640400,2783738,2965852,3189469,3570080,3833129,4084307,4467512,,,5721815,6320013,7222213,7445917,,9479086,10906515,11545063,11693361,11243323,10965430,10920580,10969305,11360349,12223753,13095913,14209974,14397038,14502561,14720390,14828085,15140713,15872535,16353933,15993187,16797808,18716928,18314900,19520704,19975916,20777856,21445796,22322494,22586956,23756316,23632854,24318262,24893570,,
IDA only,,,,,,,,,,,8117686,8340111,8659079,9059213,9265869,9632334,9967172,10400000,10900000,11600000,12500000,12600000,13200000,14100000,14700000,15100000,15400000,15900000,16500000,16800000,17000000,18200000,19100000,20100000,21400000,23100000,24500000,25700000,27800000,29300000,31000000,32900000,34900000,37400000,38900000,40700000,43000000,45000000,47400000,50500000,53600000,56200000,59000000,61100000,62800000,64800000,67700000,68900000,71400000,72500000,
Isle of Man,,,,,,,,,,,,,,,,,,,,,,,,,,,,,,,,,,,,,,,,,,,,,,,,,,,,,,,,,,,,,
India,,,,,,,,,,,,21143698,21964372,22823568,,24494950,25196116,26265096,27178592,,30592436,32748396,35016992,37922992,40266884,,44484544,44873656,45879040,47021876,,,,62245636,64115976,65206356,66633720,68872392,,67089892,71030512,72392728,76215688,81050128,84569080,89461792,91529432,96049056,101783936,101110384,107686864,113727864,119148200,119400528,129438992,129542056,132161360,129829192,131759760,130932816,
Not classified,,,,,,,,,,,,,,,,,,,,,,,,,,,,,,,,,,,,,,,,,,,,,,,,,,,,,,,,,,,,,
Ireland,,,,,,,,,,,,208705,215359,229875,241767,256652,270956,281121,288110,292658,295592,300601,309600,316878,324409,332565,338256,341681,342791,341800,342364,345941,352408,381630,387813,390680,389374,389353,354252,346316,338247,328424,323043,320620,320560,317337,313479,316015,318382,326543,336464,331047,340829,,348116,354670,360088,392294,491761,,
"Iran, Islamic Rep.",,,,,,,,,,,,1056787,1468340,1605769,1766906,1989567,2183137,2356878,,,,,,,,3107548,,,3861050,,4696606,5084832,5619057,6322988,7059037,7652829,,8776792,,9726948,9954767,9933471,9916372,9704392,9440807,9066410,8805028,8323213,8187132,7877610,7347083,7237005,7118357,5868528,5794537,5712478,5713648,5684238,,,
Iraq,,,,,,,,,,,,313972,325115,364986,405006,479885,525255,593928,716822,845992,969987,1033418,1110655,1065588,1068224,1131521,1190833,1178761,1163694,1166859,,,,1144938,,,1160421,,,1105028,1224253,1257106,,1477616,1706234,,,2037509,,,,,,,,,,,,,
Iceland,,,,,,,,,,,,23144,24105,,,25028,25853,26506,26251,26699,25457,26643,26769,26627,26803,27237,27559,28218,28037,28586,29059,29465,29985,30233,30163,30253,30463,,33225,32480,32133,32186,33486,34587,32700,33323,33900,34434,35075,35075,35623,35217,36127,38238,37530,36818,35651,35161,35171,,
Israel,,,,,,,,,,,,,,276004,282145,285111,289282,294678,303575,312658,324725,334426,350994,369703,386892,404893,413395,431116,447393,462580,468620,488852,506892,515297,523338,533797,541737,,,629372,649597,657804,672920,671049,667835,673005,679666,684478,686777,693877,708340,719916,733102,751930,767729,784752,808672,819462,836774,,
Italy,,,,,,,,,,,,3823556,4019028,4241657,4442157,4582780,4875179,5067343,5208725,5270298,5297087,5307989,5300387,5319934,5324722,5338731,5361579,5362202,5338012,5284637,5245132,5117897,5010467,4892194,4938465,4825719,4708406,4602243,4490474,4450012,4404331,4473362,4515802,4528300,4505699,4507408,4531571,4553163,4575124,4575921,4626426,4630305,4572722,4594302,4596916,4606017,4589550,4601869,4630438,,
Jamaica,,,,,,,,,,,,,,165614,158661,196605,216248,225741,,239759,255231,248001,238063,242389,237758,243575,237713,236391,247499,241000,,252070,,235071,,,,,,231177,228764,227703,228316,229701,245533,246332,,257186,262608,266933,260371,260325,,228935,223920,215200,216813,204080,200563,203115,
Jordan,,,,,,,,,,,,97612,102359,112592,125928,143326,164186,185700,209742,231088,248643,266368,281192,295989,311402,332430,335835,345122,357475,366788,384279,409124,438901,458450,484588,,534491,,,579445,583535,,606615,613120,615731,625682,649242,670836,700342,,709712,719420,724356,731607,749134,,,763694,789822,832784,
Japan,,,,,,,,,,,,8719908,8642922,8643419,8684531,8731393,8843511,8993333,9152766,9281837,9288159,9557563,9833282,10071175,10278607,10613444,11058133,11250252,11339836,11310029,11143930,11025720,10676866,10255337,10202510,9878568,9643000,,9174287,8958699,8782114,8605812,8394050,8131217,7894456,7710439,7561241,7427059,7355678,7299966,7296330,7284867,7288434,7280759,7227485,7221135,7157298,7093113,6995597,,
Kazakhstan,,,,,,,,,,,,,,,,,,,,,,1996100,,,,,2173900,,,2202800,2186700,2144400,2115400,2064100,2019700,,,1921302,1891946,1966471,1994493,,,,,,2102151,,,,1817975,1763841,1718429,1658826,1661586,1679274,1713090,1768145,1842919,1928070,
Kenya,,,,,,,,,,,299881,324167,355842,381342,422242,468408,538962,572210,636200,683591,788005,800062,830553,902333,986034,1275375,1310594,1437622,1474280,,,,,,,,,,,1822161,1908703,1999415,2063409,2197336,2422419,2468483,2583755,2729040,3106919,3204379,,,,,,,,,,,
Kyrgyz Republic,,,,,,,,,,,,,,,,,,,,,,631400,,,,,657300,,,656100,656400,651200,649600,635393,609922,606443,530854,,,633356,659451,683832,689036,739259,732618,721205,718585,713613,,700801,693521,678031,663414,650780,650516,643407,660375,660063,675200,697776,
Cambodia,,,,,,,,,,,,86999,102222,,,,,,,,,,,,,,,,,,,264419,,,,,,,312333,316343,351357,396876,475637,560197,630102,,811797,875120,930200,,,,,,,,,,,,
Kiribati,,,,,,,,,,,824,896,926,974,1055,1100,,1300,1646,2062,2440,1900,1896,1901,2074,2196,2306,2493,2601,2903,3003,3016,3357,,3699,3837,4341,,4978,6647,7486,9408,10334,11372,11581,11522,11420,11535,11583,,,,,,,,,,,,
St. Kitts and Nevis,,,,,,,,,,,,,,,,,,,,,,,,,4060,4197,4197,4153,4272,4204,,,4396,4402,,,,,,,4768,4328,4240,4098,3903,3939,,4522,4396,4270,4309,4297,3673,4792,4370,4318,4175,,,,
"Korea, Rep.",,,,,,,,,,,,1906918,2168559,2397804,2648254,2879948,3111510,3322010,3492091,3692809,3997316,4285889,4335025,4435000,4685353,4828026,4934975,5028026,4895354,4824097,4697277,4559557,4443751,4461857,4580040,4645849,4706541,4567366,4367683,4176780,3958702,3768040,3661759,3645617,3702150,3795981,3864005,3928039,3958781,3994713,3959451,3877799,3793127,3720130,3579411,3396766,3231795,3072037,2893979,,
Kuwait,,,,,,,,,,,,70734,78754,84935,90443,97689,108219,131589,143392,154982,167656,181882,196413,209592,220981,230913,239581,245697,256558,265001,271422,,167331,177675,187941,198661,206934,216223,225249,235106,239997,243757,,260695,267114,244432,236410,247233,249879,255101,263554,268827,274202,278581,283077,302047,,,,,
Latin America & Caribbean (excluding high income),,,,,,,,,,,9769046,10500000,12100000,13400000,16100000,17500000,19400000,21000000,22000000,33700000,34800000,35700000,36700000,37500000,38500000,27200000,40200000,40900000,41700000,42400000,43200000,43900000,44900000,45700000,46700000,47900000,49300000,50100000,52200000,52400000,54300000,54600000,55600000,54200000,55700000,56200000,56400000,56300000,57300000,58000000,58700000,59100000,59200000,61800000,61700000,61500000,61800000,61600000,61600000,61600000,
Lao PDR,,,,,,,,,,,,15453,18086,20819,,,,48669,64108,77289,82618,90435,,,105012,110714,113630,,135583,,137898,,125702,139819,155366,163657,169691,187867,210501,240267,264586,288389,320275,353362,379579,393856,395382,403833,412375,423514,434717,490290,515130,549735,600747,640231,665278,677497,678129,666155,
Lebanon,,,,,,,,,,,,165854,,174711,,,,,257798,,268733,287310,289073,,,267970,,,,,,,285500,,301274,323422,336970,347850,388667,389181,400699,335237,349930,364541,374052,377890,381466,384162,384726,391087,383226,394453,384851,389354,370359,382427,384075,401031,402502,406169,
Liberia,,,,,,,,,,,16771,18856,22624,,,34151,31224,,47446,53254,54623,,,,,,,,,,,,,,,,,,,113878,135509,,,,,,,,,,,237643,,,222857,226832,,,,,
Libya,,,,,,,,,,,,53953,62618,80797,107233,129875,166122,200063,225286,258343,284826,296197,,340703,,,406332,,,,,,,,,,,,,,,,824538,797992,,701536,732614,,,,,,,,,,,,,,
St. Lucia,,,,,,,,,,,,,3610,3782,4180,4579,4522,4528,4568,,5077,4485,5020,5182,5205,6212,6833,7013,,,7802,8230,9419,10356,,,,11753,,11847,12530,12738,12743,12987,12878,13597,14377,15146,16014,16234,16017,15608,14721,14055,13566,13215,12694,12217,11792,11394,
Latin America & Caribbean,,,,,,,,,,,11100000,11900000,13500000,14900000,17700000,19100000,21000000,22700000,23800000,35500000,36600000,37500000,38400000,39500000,40500000,29300000,42300000,43000000,43800000,44600000,45200000,46200000,47200000,47800000,48900000,50100000,51500000,51900000,54500000,54700000,56700000,57100000,58200000,56900000,58400000,58900000,59200000,59000000,59900000,60600000,61300000,61600000,61700000,64500000,64300000,64100000,64400000,64200000,64100000,64200000,
Least developed countries: UN classification,,,,,,,,,,,6119324,6242451,6456710,6763783,6902395,7205517,7432805,7739302,8172017,8735712,9502198,9564079,10100000,10800000,11400000,11600000,11800000,12200000,12700000,13000000,13100000,14200000,15200000,16200000,17500000,19100000,20400000,21500000,23400000,24800000,26400000,28100000,29900000,31200000,32500000,33900000,36100000,37700000,39800000,42800000,45700000,48000000,50800000,54000000,56500000,58500000,61500000,62600000,64900000,65900000,
Low income,,,,,,,,,,,5126783,5398344,5658876,5859855,5963253,6176045,6407055,6708995,7128153,7636174,8139824,8655163,8926190,9266541,9664369,9811570,9900130,9956921,10100000,10100000,10000000,10200000,10100000,10300000,10700000,11300000,11700000,12000000,12700000,13200000,13900000,14900000,15900000,17600000,19100000,20400000,22100000,23300000,25100000,26700000,28400000,30000000,31600000,32000000,32700000,33500000,34400000,35400000,36300000,,
Liechtenstein,,,,,,,,,,,,,,,,,,,,,,,,,,,,,,,,,,,,,,,,,,,,3255,3273,3142,3190,3169,3213,3142,3274,3298,3277,,3387,3349,3272,3240,3087,,
Sri Lanka,,,,,,,,,,,941322,1017372,1123779,1145703,1132951,,1088089,,,,1267323,1293213,1315062,1367754,1421713,1462794,1526086,1898634,1961963,2024831,2081842,2106050,2185277,2246642,2315541,2314054,,,,,,,,,,,,,,,2524673,2573842,2590357,2605597,,,2618895,2648660,2727965,,
Lower middle income,,,,,,,,,,,43400000,44500000,46300000,48100000,49600000,51400000,53400000,55700000,58000000,60800000,64200000,67000000,70900000,76000000,80200000,83900000,86600000,89000000,90900000,92800000,98300000,104000000,110000000,117000000,121000000,125000000,128000000,133000000,136000000,137000000,144000000,148000000,155000000,162000000,167000000,173000000,177000000,183000000,190000000,193000000,203000000,211000000,219000000,224000000,234000000,237000000,242000000,242000000,249000000,251000000,
Low & middle income,,,,,,,,,,,111000000,120000000,130000000,139000000,143000000,149000000,162000000,180000000,194000000,207000000,206000000,207000000,206000000,210000000,217000000,213000000,234000000,241000000,247000000,249000000,253000000,262000000,271000000,281000000,289000000,300000000,313000000,326000000,337000000,345000000,359000000,371000000,384000000,396000000,408000000,415000000,421000000,430000000,438000000,443000000,453000000,463000000,471000000,480000000,488000000,490000000,494000000,496000000,505000000,510000000,
Lesotho,,,,,,,,,,,15317,8815,10006,13792,,16476,17795,18955,19512,23368,25292,28107,29608,33421,35444,37343,39478,43368,45951,47212,48209,48505,52598,55984,62399,67173,68132,72170,72235,73620,74313,79266,82256,84273,89864,94496,96073,101738,107322,115805,125823,130831,134543,130476,130836,133434,128780,136497,,,
Late-demographic dividend,,,,,,,,,,,63500000,71100000,78100000,84100000,85100000,88000000,97400000,112000000,122000000,131000000,125000000,122000000,115000000,113000000,114000000,105000000,121000000,125000000,126000000,125000000,124000000,126000000,128000000,131000000,133000000,138000000,145000000,151000000,157000000,162000000,167000000,172000000,176000000,179000000,183000000,183000000,182000000,181000000,180000000,178000000,176000000,174000000,170000000,171000000,166000000,163000000,160000000,160000000,161000000,163000000,
Lithuania,,,,,,,,,,,,,,,,,,,,,,,,,,,466166,,,426105,412663,396036,379162,356678,347434,351517,365351,378754,389732,406950,421120,433054,442830,447952,431303,423706,410507,393889,376683,358395,342905,325215,304753,294274,277349,263242,250870,242640,232993,,
Luxembourg,,,,,,,,,,,,16430,16828,17362,17844,21934,22652,23314,24056,24181,24312,27487,27818,27806,27420,,25656,24871,22496,,,,20817,21989,23138,25607,27482,28796,29637,32513,32996,33606,34038,34716,35208,35946,37009,38209,39349,,42536,43177,44237,46256,46872,47027,47715,48211,48749,,
Latvia,,,,,,,,,,,,,,,,,,,,,,279178,282231,284265,285884,288177,288315,288760,286433,283055,275122,264475,254196,246877,245130,243582,240112,239318,248159,255381,266498,274193,278230,276072,275586,271631,258432,195745,182805,158325,147375,136448,124802,126942,121580,117761,116471,117360,117326,,
"Macao SAR, China",,,,,,,,,,,,10007,9606,10279,10671,9498,11758,14305,13150,15268,,,,,,,,,,,16687,,18978,20383,,,,,,31859,35367,38943,42017,44425,46509,46539,46393,45410,41271,39328,38222,37224,35726,33921,32054,30088,28745,27473,26608,26022,
St. Martin (French part),,,,,,,,,,,,,,,,,,,,,,,,,,,,,,,,,,,,,,,,,,,,,,,,,,,,,,,,,,,,,
Morocco,,,,,,,,,,,,298880,313424,335190,361725,403673,486173,529027,589610,662034,726595,797110,888123,968327,1046136,1130185,1248702,1331971,1415530,1418812,1450112,1194377,1235527,1274982,1338508,1375703,1412316,1442049,1443407,1469794,1541100,1608279,1685063,1758057,1879483,1948006,2061046,2171687,2241514,2330649,2393275,2478987,2554050,,,,,2847122,2871043,2920791,
Monaco,,,,,,,,,,,,2445,2547,,,,,,2825,,,,,3132,,,,,,,,2785,2858,,2835,2861,2907,2886,2912,2883,2929,2971,,,3078,,,,3015,3017,2999,3060,3024,3042,3085,3297,3319,3426,3426,3370,3392
Moldova,,,,,,,,,,,,,,,,,,,,,,,,,,,,,,,470068,459701,448404,441955,444422,441573,440622,445501,,415319,413910,413418,413916,410590,406716,394469,381543,367636,347202,328418,307619,289402,274365,260185,245773,233260,226960,227263,226281,224148,
Madagascar,,,,,,,,,,,,113270,114487,,123654,,,,,175760,233578,,,,530021,,,,366455,345302,348922,,,,,,,,,,,,,,,621173,726998,833568,945245,1022464,,1313804,1405063,,1493830,1536209,1561307,1534273,1548208,1494520,
Maldives,,,,,,,,,,,327,336,,,,,,,,,998,1217,1870,2756,,,,,,,,,,,21409,23889,26701,32463,12281,14988,20010,24607,25365,28612,28878,,,,,,,,,,,,,,22765,21293,
Middle East & North Africa,,,,,,,,,,,5139193,5273492,5976024,6433580,6943144,7665322,8428747,9209384,10300000,10900000,11500000,12100000,12800000,13500000,14200000,15000000,16100000,17000000,17800000,18500000,20400000,20900000,21500000,22900000,24800000,25900000,27000000,28600000,30200000,31600000,32800000,33700000,34500000,35800000,36400000,36300000,36200000,36000000,36100000,36400000,36300000,37500000,37600000,35700000,35200000,35500000,35800000,36100000,36800000,37600000,
Mexico,,,,,,,,,,,,1584342,1757018,2017093,2289850,2554041,2938972,3263507,3502830,3914251,4285016,4741850,5332131,5716238,6064264,6247856,6549105,6702732,6806073,6865763,6795244,6704297,6704188,6782886,6977086,7264620,7589414,7914165,8406782,8721726,9094103,9357144,9692976,10188185,10403853,10564404,10883455,11122276,11444055,11474843,11681530,11836424,12139246,12467278,12993322,13473206,13725467,14034552,14160635,,
Marshall Islands,,,,,,,,,,,,,,,,,,,,,,,,,,,,,,,,,,,,,,,,5957,,,6353,5781,5846,5260,5369,5369,5358,5229,,,,,,5454,5500,,,5764,
Middle income,,,,,,,,,,,106000000,115000000,124000000,133000000,137000000,143000000,155000000,173000000,186000000,199000000,198000000,198000000,197000000,201000000,207000000,204000000,224000000,232000000,237000000,239000000,243000000,251000000,261000000,270000000,278000000,289000000,301000000,314000000,324000000,332000000,345000000,356000000,368000000,379000000,389000000,394000000,399000000,407000000,413000000,416000000,425000000,433000000,439000000,448000000,455000000,457000000,460000000,461000000,469000000,473000000,
North Macedonia,,,,,,,,,,,,,,,,,,,,,,,,,,,,,,,,,,200661,201498,205202,209190,211619,215374,218666,221961,222081,218834,218649,215760,214005,,208364,203853,199064,196991,,186149,177048,170834,168967,,161128,155815,,
Mali,,,,,,,,,,,,34620,35847,39439,42928,49034,55444,61999,70709,78086,78707,64124,75819,70453,73218,67841,,63768,66431,75213,76501,84220,98737,102781,120912,139777,151554,168898,188109,217700,257833,,,349615,388418,429716,474976,533849,612012,686071,758285,821160,,882380,961046,945484,1013780,1017415,1046493,,
Malta,,,,,,,,,,,,24388,28137,28231,28434,31736,32409,30285,28921,27302,27673,25501,26700,27257,27901,27899,27779,27858,28806,30210,31837,32544,34358,34619,34955,35527,35044,35451,35682,35457,36074,36158,36236,36978,41353,40129,38335,38499,37774,,37163,32227,31768,30989,30230,29434,28776,30760,30925,,
Myanmar,,,,,,,,,,,,791059,823720,871880,,,933486,896312,895058,968900,996200,1066300,1163970,1223623,1236577,1243688,1273073,1335773,1347956,1430199,1138961,1281165,1408030,1439735,1530378,1752510,,,,2059007,2268402,2301919,2372593,2382608,2544437,2589312,2696307,2686198,2828868,2812866,2852447,,,,3191268,,3748367,3970936,4186742,,
Middle East & North Africa (excluding high income),,,,,,,,,,,4555045,4675628,5354445,5792216,6276810,6969775,7697469,8433126,9443828,10000000,10600000,11100000,11700000,12300000,12900000,13600000,14600000,15400000,16100000,16700000,18400000,18900000,19400000,20600000,22300000,23200000,24100000,25500000,26900000,28300000,29300000,30100000,30700000,31800000,32300000,32000000,31800000,31400000,31400000,31500000,31400000,32500000,32500000,30500000,29900000,30100000,30500000,30900000,31300000,32000000,
Montenegro,,,,,,,,,,,,,,,,,,,,,,,,,,,,,,,,,,,,,,,,,,,,69627,68807,68471,68218,67683,67015,68135,69619,64164,63013,,,60504,58540,57575,57085,56896,
Mongolia,,,,,,,,,,,,96571,102668,147505,158585,173111,184688,,,224041,237190,248169,,256700,,,285862,,,,312494,301131,275061,242191,239661,229769,235798,195408,202566,205229,225848,258265,282089,312774,333193,339249,329264,,,305791,275983,,,,,,,,,,
Northern Mariana Islands,,,,,,,,,,,,,,,,,,,,,,,,,,,,,,,,,,,,,,,,,,,,,,,,,,,,,,,,,,,,,
Mozambique,,,,,,,,,,,,42868,46128,54650,,,,46656,57300,78092,105263,102745,107849,121033,,151888,155353,116928,,,160177,162486,159202,163747,169520,185181,,,,103147,123810,142553,180531,,243428,305877,367962,443974,512266,598424,671902,716289,727895,1008992,1025975,1073111,,1216214,,,
Mauritania,,,,,,,,,,,,,4565,,,,,,,,,22102,,,,,35955,37937,39341,39154,37325,37653,39821,43034,45810,49008,51765,52499,56687,61711,65606,76658,78730,84407,88926,92796,98946,,97213,106491,110206,124421,151531,171265,178968,187560,199920,204156,236775,259873,
Mauritius,,,,,,,,,,,,48468,53657,57406,62015,65113,69061,79961,81700,83252,81926,79534,77779,77838,74795,72551,70681,71922,74717,78776,79229,,86024,,,,95932,97405,101517,104070,105432,107846,111766,118234,122556,129438,128925,130463,129257,128680,127002,126864,127123,129179,133001,129008,128761,125270,122424,122055,
Malawi,,,,,,,,,,,,,65634,71134,70050,80752,85974,97119,106026,111447,130975,138498,149532,153679,163391,168137,174752,187746,194387,199043,212075,222225,257558,245096,218707,322999,343314,,472734,556322,486786,518251,517690,,505303,516462,565467,574003,636416,666679,692157,736364,761366,853210,920209,961589,951555,998940,1040975,989847,
Malaysia,,,,,,,,,,,609376,655265,701563,,853592,933411,975288,988914,1038049,1075880,1083818,1135143,1141387,1217308,1272930,1294990,1381495,1452924,1452966,1468828,1456497,1511084,1566790,1572837,1613182,1651684,1736414,1794515,2153537,2176863,2205426,2246874,2300062,2518642,2583993,2489117,2516116,2499165,2537203,2546102,2615717,2627704,2757435,2754185,2846473,2801439,2759653,2744639,2592970,2602216,
North America,,,,,,,,,,,22700000,23100000,23700000,24000000,24200000,24300000,24300000,24200000,23900000,22000000,24700000,23900000,24200000,23700000,23700000,23000000,22900000,22700000,22200000,21900000,21500000,21600000,22200000,22900000,23500000,23600000,24000000,24400000,24800000,25000000,25100000,25600000,25700000,26400000,26800000,27000000,27200000,27400000,27400000,27200000,26800000,26800000,26900000,26800000,26900000,27100000,27400000,27400000,27500000,27800000,
Namibia,,,,,,,,,,,,,,,,,,,,,,,,,,,49571,51420,56355,59146,62399,73409,84581,92725,101974,103308,104613,108846,110076,116131,124196,135943,138099,140976,144289,148104,151805,158162,,,,,,,,,,,,,
New Caledonia,,,,,,,,,,,5132,5238,6080,6563,7240,7960,8862,9993,10671,11675,11945,13523,15477,16854,17745,18351,18889,19417,19663,20151,20673,21908,,,,,,25560,,,,,,,,,,,,,,,,,,,,,,,
Niger,,,,,,,,,,,,6999,7975,9253,11108,12333,14462,18098,22290,27196,32687,38861,44788,45094,47188,,,,58489,65816,68352,76758,76916,80009,,,92608,97675,98978,104933,106182,108033,112033,126137,158343,181641,216961,217378,234029,256555,306675,342391,388641,439160,515075,595426,717660,786582,,,
Nigeria,,,,,,,,,,,356565,395575,451042,516658,,,,745717,904931,1131112,1451242,1864713,2345604,2880280,3393186,3561207,2988174,3088711,,2956376,3125192,,,,,,,,,3844585,4104345,4601105,5124270,,6279562,6397581,6436449,6068160,6888700,7827318,9056768,9591205,10212250,12532753,10495583,11116030,10314796,,,,
Nicaragua,,,,,,,,,,,51383,54690,61084,63177,71044,80202,89823,105429,98874,110726,139743,,136629,157076,143162,128499,137333,154190,159015,161212,184101,221237,228360,238399,249091,265515,,,287217,321493,333210,353724,382951,,416405,437853,448258,470520,462198,,465201,,,,,,,,,,
Netherlands,,,,,,,,,,,,1006327,1062671,1110997,1167463,1210259,1283585,1330981,1361333,1367340,1383602,1391485,1412714,1440242,1466956,1445991,1620011,1589013,1528933,1474792,1436601,1401739,1377768,1369507,1536153,1508772,1479682,1415712,1397055,1364806,1379253,1402928,1397939,1415170,1396696,1410547,1423262,1444057,1460503,1462461,1474983,1538898,1550175,,,1613497,1611016,1650379,1632486,,
Norway,,,,,,,,,,,,302792,307565,331612,330350,331149,326640,330163,334392,346158,355567,360776,368624,381603,383499,388459,387990,378871,370087,365938,375095,370779,367395,380916,408418,370925,364343,368074,369454,377640,371659,369943,373015,385009,400159,403026,412311,419698,423598,425141,435085,437010,432546,442563,439250,443491,444851,447525,449330,,
Nepal,,,,,,,,,,,,,222867,250868,258365,281816,262748,308797,370231,449038,512434,313895,370082,418085,455401,496921,540049,579517,612943,664016,708663,773808,855137,910114,944509,1016443,1121335,,,1265458,1348212,1501503,1690198,1822063,,2054165,1983561,1998990,2305166,2381225,2694256,2850361,3035958,3111257,3163946,3176320,3277231,3336650,,3463763,
Nauru,,,,,,,,,,,,364,400,443,,,,,,,,,,,,482,,,,,,,,,,,,,,,662,636,573,645,508,600,815,689,816,,,,945,,1028,,992,,,1203,
New Zealand,,,,,,,,,,,303835,313107,323850,333352,341506,354107,362430,360444,,356442,352427,350895,351034,360411,359331,354080,348210,343830,343587,341249,340915,345338,350112,376947,404563,420070,430526,433347,432911,436901,443882,456155,482959,503706,503241,526152,522326,526974,514563,542798,512195,508362,501466,492648.125,491617.0313,487363.3438,484412.8125,486333.875,489898.7188,,
OECD members,,,,,,,,,,,71400000,77400000,79600000,82000000,84400000,86100000,88000000,89800000,90800000,90300000,94100000,94500000,95700000,95800000,96500000,96500000,97700000,97900000,97300000,96700000,95700000,95800000,96800000,99100000,101000000,102000000,102000000,98700000,103000000,103000000,104000000,105000000,106000000,108000000,107000000,108000000,108000000,108000000,108000000,108000000,108000000,108000000,108000000,113000000,113000000,113000000,114000000,114000000,114000000,113000000,
Oman,,,,,,,,,,,,0,0,194,419,723,1379,2579,5647,8534,11978,16776,21226,28221,33913,41580,47305,54044,61287,71015,85264,101567,119244,140201,162363,179514,194904,205046,217246,229031,242533,254496,266923,279302,,301568,308508,316019,317816,321670,,301073,300067,292814,,286900,294485,295770,422440,436578,
Other small states,,,,,,,,,,,488123,491448,518829,545967.2,568673.9,588378,608842.6,630524.8,642308.6,655213.3,665381.3,679501.4,699182.8,727912.4,751435.9,775064.9,797230.6,811105.2,830485.2,856884.8,909711.5,961953.5,1001203,1042516,1082147,1146214,1190130,1251234,1282317,1325160,1379559,1435940,1497050,1556794,1632379,1690599,1740793,1784449,1805124,1849081,1883905,1916778,1947506,1966100,1998175,2023901,2049234,2085021,2118272,2154886,
Pakistan,,,,,,,,,,,,1462644,1522177,1629535,1721393,1879538,1935849,2009469,2075725,1974531,2095792,2165832,2253298,2433227,2615156,2811530,2923188,3070965,3216247,3441193,3665079,4345464,5022416,,,,,,,,,,,5734294,6449481,6852316,8421015,9145084,9339991,9432977,9654940,9939407,10371759,10794350,11286628,12077917,12597433,12529168,13357618,13857545,
Panama,,,,,,,,,,,78466,86795,98836,111929,123060,133181,144191,154423,164474,170417,171273,174078,174791,176441,181774,184536,187312,189771,190166,189566,195903,198138,201047,206509,208775,216210,221022,,,230034,234153,244097,251228,,253900,256224,257378,260694,266760,274809,283787,285846,,310391,311816,316899,344790,322913,,,
Peru,,,,,,,,,,,546183,592568,646453,700349,747560,813489,890106,969129,1095085,1151748,1203116,1226130,1249293,1321667,1374770,1427261,1474141,1525039,1578081,1651800,1697943,1710715,1703997,1719854,1833783,1862728,1930917,1963401,2212033,2277813,2374178,2484775,2539682,2347247,2446041,2469618,2539939,2603890,2609081,2659945,2674593,2671275,2611168,2731762,2670847,2681531,2752717,2775348,2779973,2825788,
Philippines,,,,,,,,,,,,1719386,1800684,1875012,1958048,2112176,2291707,2508519,2696460,2820469,2917912,2928525,2935732,3092128,3204551,3323512,3214159,3420921,3494460,3737104,3961639,4033597,4208151,4421649,4590037,4772647,4809863,4888246,5024810,5117459,,5386434,5816699,6069063,6308792,6352482,6301582,6365985,6509273,6766952,,,,,7220389,7319461,7397290,9007148,10562477,,
Palau,,,,,,,,,,,,,,,,,,,,,,,,,,,,,,,,,,,,,,,,2177,1901,,,2271,2273,2382,2494,2448,,,,,,1672,1604,,,,,,
Papua New Guinea,,,,,,,,,,,24365,26273,30812,33774,35868,41391,43004,43246,42950,45041,,49334,50353,,55731,,58226,63391,65582,67007,65643,68506,69596,77665,83252,78759,,,132635,,,,,,,,,,,,,,378365,,,,507278,,,,
Poland,,,,,,,,,,,,3130405,3205757,3214457,3204481,3179666,3093668,3004349,2902489,2801131,2712186,2651041,2554516,2480325,2489165,2546618,2597331,2688295,2809898,2917300,3042754,3119640,3206604,3555919,3665439,3641860,3706526,3882203,3930315,3984047,3988001,3973962,3949993,3895167,3480054,3444903,3316939,3205849,3085019,2958193,2841629,2726279,2611081,2777727,2641287,2548405,2462928,2407618,2392353,,
Pre-demographic dividend,,,,,,,,,,,3440582,3572675,3828519,4111758,4360523,4793605,5189678,5592900,6227777,6963512,7809898,8692857,9356547,10100000,11000000,11600000,11200000,11500000,11700000,11600000,11900000,12400000,12800000,13200000,13800000,14400000,14800000,15100000,15800000,16400000,17500000,19000000,20300000,22000000,24200000,25600000,27200000,28300000,31500000,34600000,37800000,40000000,42500000,46900000,46800000,49000000,49800000,51600000,53600000,,
Puerto Rico,,,,,,,,,,,,274139,281258,289700,301700,303500,299000,294500,,,,,201015,,,,,,,,,,,,,,,,,,,,,,,,,,,301186,290991,271651,269673,269351.5,266077,278964,236001,,218923,,
"Korea, Dem. People’s Rep.",,,,,,,,,,,,,,,,,,,,,,,,,,,,,,,,,,,,,,,,,,,,,,,,,,,,,,,,2148364,,,,,
Portugal,,,,,,,,,,,,291864,314013,343960,374128,415648,466491,482593,499557,438474,462278,,,,,,580248,658120,578462,586600,600141,670035,759639,898483,938653,945077,947478,,891773,847129,831193,813172,797065,766172,665213,669529,661748,680338,691701,709519,720688,725804,734003,798925,768631,778589,766052,769977,767094,,
Paraguay,,,,,,,,,,,55777,58130,62552,66746,71600,75424,81915,92437,101126,110095,118828,126498,137146,143786,150566,150736,150207,149676,152727,155434,163734,169167,192775,214272,240906,267485,293651,327775,367567,425214,459260,497935,519930,510881,526001,529309,529329,532103,543056,549482,560866,579734,631003,,,,611308,,,,
West Bank and Gaza,,,,,,,,,,,,,,,,,,,,,,,,,,,,,,,,,,,,334000,359169,386928,,444401,477378,510214,544935,582736,628495,656797,685585,701715,707892,713921,710936,705627,705443,706330,709226,721414,733345,752552,764986,787188,
Pacific island small states,,,,,,,,,,,87508.09,92620.41,98614.16,104273.8,111727,117818.3,123239,128251.1,131460.8,135132.3,137742.1,138195.7,141743.7,142384,143361.3,140854.7,141266.2,143320.6,144295.5,145731.4,147587.2,161164.4,169048,173283.7,176939.5,180891.7,183089.3,189573.6,189087.1,193235.3,191192.3,195000.8,203896.6,208170.4,210529.6,209603.6,215839.4,216960.1,221522.3,228292.6,236935,238098.8,235954.1,235415.5,,,,,,,
Post-demographic dividend,,,,,,,,,,,71800000,77400000,79300000,81000000,82900000,84200000,85600000,87000000,87600000,86600000,89900000,89700000,90200000,89800000,89900000,89400000,89900000,89700000,88600000,87500000,86100000,85900000,86000000,87600000,89100000,89100000,89000000,85200000,87500000,87400000,87400000,87800000,87800000,88100000,87400000,87600000,87000000,86500000,86100000,85300000,84800000,83700000,83300000,85000000,84700000,84000000,83700000,83700000,83000000,82400000,
French Polynesia,,,,,,,,,,,,6492,7542,7751,8126,8868,9035,9668,10265,11162,12012,12658,13306,15492,15747,17052,17180,17878,18160,18848,19655,20311,21320,22366,,,,,,,,,,,,,,,,,,,,,,,,,,,
Qatar,,,,,,,,,,,,4095,4983,6091,6954,7811,10109,10347,11469,12911,14360,15901,17158,18864,19607,20979,22574,22444,24712,26659,28685,30031,31120,35013,36292,37635,38594,,42438,44403,47413,46931,49042,51888,53953,55705,58787,61110,66084,66584,68924,72754,76841,79006,88466,95567,98149,103042,107537,117369,
Romania,,,,,,,,,,,,2138552,2093672,2123652,2086422,,,,,,,,,,,,,,,3125177,3165275,2837948,2606305,2451624,2336322,2252053,2222655,2212090,2199829,2218025,2225691,2248802,2254849,2218124,2154734,2089646,2013016,1954077,1934151,1861830,1821782,1777771,1714307,1669005,1609259,1562960,1515238,1502438,1457948,,
Russian Federation,,,,,,,,,,,,16832000,,,,,15928000,,,,,13297695,,,,,13662298,13987000,14212000,14233000,14273000,14229680,14154465,14079246,14166000,14528000,14883500,15207000,15613400,15862637,,,,14521818,13558904,12433155,11548337,10797816,10087007,9613548,,9206247,9165252,9092027,9061324,9384610,9566901,9905067,10242404,,
Rwanda,,,,,,,,,,,,13752,,,,,19936,21890,23903,25601,72216,110314,118877,132998,140478,156347,162031,169355,176217,193154,195709,200628,171866,,,,,,,105292,129620,141163,157289,179153,203551,218517,239629,266518,288036,346518,425587,486442,534712,581962,587069,567838,572324,610972,658285,732104,
South Asia,,,,,,,,,,,25500000,26200000,27200000,28300000,29200000,30200000,30900000,32200000,33300000,35100000,37400000,39300000,41800000,45300000,48100000,50400000,52800000,53900000,55200000,56800000,60900000,66100000,71400000,76400000,79300000,81300000,83600000,86600000,87100000,86900000,91300000,93200000,97600000,103000000,106000000,112000000,116000000,121000000,127000000,128000000,136000000,143000000,150000000,152000000,163000000,165000000,169000000,167000000,170000000,170000000,
Saudi Arabia,,,,,,,,,,,,,,,,,,,,296340,,,,,,,,,,,,,,,,,,,,,,,,,,2609567,,2826049,,2997268,,,,,,3319742,3160633,3039012,3108384,3159358,
Sudan,,,,,,,,,,,,,,,,,,,,,,,,,,,,,,,,,,,,,,,,,,1087137,1107297,1176361,1316023,1344324,1318122,1327933,1442104,1636033,1687356,1530820,1723688,1870767,1974312,2059715,2041258,2205034,,,
Senegal,,,,,,,,,,,,59401,65573,,,,,,85974,83711,87755,95604,103821,109937,113561,121496,130338,137353,146310,162341,173044,,191431,,,,208786,211558,216066,234189,249547,260738,289263,,360016,405899,447425,,582101,,725208,848030,945792,1025089,1094751,1136477,,,,1149844,
Singapore,,,,,,,,,,,149143,155719,,178538,178673,183364,189743,187034,187713,188534,187532,191480,193206,199475,203936,211489,226526,230206,231359,229420,220561,214584,210304,205683,210473,213138,,,,,,,,,,,,232100,231144,232003,,,,,,,179225,171319,166709,,
Solomon Islands,,,,,,,,,,,1400,1720,1943,2310,,2014,2725,3179,3468,3654,4030,5004,5542,5837,,,6615,,,,5636,6363,6666,7351,7811,,,,,16576,13527,16480,21700,,,22487,26345,27332,,,39706,40124,41660,,,,,,,,
Sierra Leone,,,,,,,,,,,,34646,37550,41787,45210,47861,50478,53913,56480,60157,59719,68199,,,92706,101056,94717,,112787,100026,101726,102474,,,,,,,,,,155567,,,,,,,,,,352732,400800,417307,,449320,487826,492140,,,
El Salvador,,,,,,,,,,,88307,88635,106465,127381,154138,170576,187682,197732,213272,229751,211302,,,232494,238320,,,,277683,277980,,285452,304735,326237,,,,,401545,405998,420959,435571,461215,488515,520332,524202,529057,536017,539277,555645,577111,597823,611515,636553,625060,599947,571919,535680,521576,,
San Marino,,,,,,,,,,,,901,988,1087,1115,1140,1211,1221,1209,1197,1228,1219,1354,1317,1266,1260,1248,1222,1207,1193,1204,1182,1158,1159,1157,,1199,1192,,,988,,,,,,,,2223,2286,2334,2368,2407,,,,,,1653,1674,
Somalia,,,,,,,,,,,,14759,16856,19638,22896,,31857,12389,12869,18416,22691,103150,102428,100396,100199,94275,88471,,,,,,,,,,,,,,,,,,,,,86929,,,,,,,,,,,,,
Serbia,,,,,,,,,,,,,,,,,,,,,,,,,,,,,,,,,,,,,,,,744139,713167,691098,671980,657945,640948,632338,622809,615135,608456,603834,590830,575948,565869,557425,548158,553448,545419,538238,534106,528758,
Sub-Saharan Africa (excluding high income),,,,,,,,,,,5363188,5534773,5827345,6140573,6407701,6852502,7297318,7726963,8327525,9010680,9890798,10900000,11800000,12900000,14000000,14800000,14600000,15100000,15500000,15500000,16100000,16800000,17200000,17800000,18500000,19400000,20200000,20800000,21900000,22700000,23800000,25700000,27300000,29100000,31500000,33200000,35200000,36800000,39900000,43000000,46400000,49100000,51900000,56500000,56400000,58700000,59500000,61200000,63100000,,
South Sudan,,,,,,,,,,,,,,,,,,,,,,,,,,,,,,,,,,,,,,,,,,,,,,,,,,,,133999,,,,164135,,,,,
Sub-Saharan Africa,,,,,,,,,,,5412805,5585863,5883915,6201178,6473494,6921393,7369651,7810862,8413846,9099075,9978487,11000000,11900000,13000000,14100000,14800000,14600000,15200000,15600000,15600000,16200000,16900000,17300000,17900000,18600000,19500000,20300000,20900000,22000000,22800000,23900000,25800000,27400000,29200000,31600000,33400000,35300000,36900000,40000000,43100000,46600000,49200000,52000000,56600000,56600000,58900000,59700000,61300000,63200000,,
Small states,,,,,,,,,,,941613.8,955274.6,1009744,1057228,1091893,1175525,1231485,1274116,1303758,1331011,1363626,1356706,1378960,1410683,1432912,1466555,1496668,1514627,1541752,1558276,1615979,1687084,1732449,1769931,1832047,1923345,1996251,2083288,2036060,2093656,2152776,2219131,2285955,2345990,2437668,2500932,2564749,2614969,2645568,2697811,2737401,2772089,2783780,2782487,2807534,2819722,2852602,2877905,2906972,2948586,
Sao Tome and Principe,,,,,,,,,,,,1669,1901,,,,4010,3829,,,,3815,4878,6303,6605,,,5255,6452,,,,,,,,,,,,,,,6753,7423,8091,,8997,8518,9726,10097,11884,14061,16118,19386,22123,23232,25875,,,
Suriname,,,,,,,,,,,,23504,23718,26405,27754,29532,30603,32247,34121,34372,35742,24027,30057,29905,29843,34608,37630,35878,34951,34248,33289,33561,35535,30016,,,,,,,,41874,42253,,,45818,46725,47235,48134,47221,50164,49563,50868,52109,51784,54721,,,58408,,
Slovak Republic,,,,,,,,,,,,,,,,,,,,,,,,,,,,,,,,,,657010,658228,663647,669898,662896,681227,674405,671670,663555,666238,669578,673712,662659,640120,617109,591482,568629,549760,530300,509791,481574,464957,454032,446922,441619,441952,,
Slovenia,,,,,,,,,,,,,,,,,,,,,,,137241,160309,180955,191864,193555,195007,198432,201491,205910,208905,210699,211426,211739,214042,212038,212458,210078,220033,218251,224747,220804,217587,187817,181299,174330,152720,147463,142349,138354,134861,132221,147563,145179,143247,148896,147920,147003,,
Sweden,,,,,,,,,,,,554480,493136,554295,528765,531594,507642,513287,536287,575190,591019,606833,606152,607288,604067,596104,624835,616312,619860,609233,597971,588474,585527,755649,778838,791848,809653,829295,930748,946209,933669,928424,934608,917978,711798,735494,750567,760491,764264,751826,731273,698968,675782,838671,826694,844112,856094,916224,934541,,
Eswatini,,,,,,,,,,,8438,9475,11219,13043,14964,16876,17868,19762,20990,22495,23665,,,,,31109,,,,,,,51864,50634,52966,55286,57715,,60830,61551,60253,61335,62676,62214,67696,70964,76979,82835,,83089,88619,90605,91914,93461,97229,100494,108288,,,,
Sint Maarten (Dutch part),,,,,,,,,,,,,,,,,,,,,,,,,,,,,,,,,,,,,,,,,,,,,,,,,,,,,2981,,2713,,,,,,
Seychelles,,,,,,,,,,,2359,2622,2913,3199,3778,3778,3272,,4622,5143,5763,6640,7741,8108,8538,8665,8642,8750,8868,8828,,9020,9182,9111,9280,8931,9099,,8027,8317,8280,7514,7826,8137,7962,8501,7794,8227,7911,7825,7554,7113,7780,7355,7277,7394,7423,7362,7459,7325,
Syrian Arab Republic,,,,,,,,,,,,327639,367298,406102,437997,458327,488409,512187,545468,579739,588865,604327,635355,687435,755095,815071,870383,912117,925381,933661,923532,914250,902819,916950,923030,928882,935048,957664,1000549,1029769,1069040,1124752,1182424,2119690,2249116,2389383,2464688,2549444,2626228,2664335,2731825,2820911,2875612,1857140,,,,,,,
Turks and Caicos Islands,,,,,,,,,,,,227,,354,467,639,671,671,711,,,691,,,,707,,,,,,,,,1032,,,,,1114,1089,,,1270,1386,1558,,,,2095,,,,,1811,2013,,,2316,,
Chad,,,,,,,,,,,,10556,11625,,12731,14195,16391,19580,,,,,,,,45612,,44379,,49439,58570,,,,73666,85836,93026,99789,112964,123408,137269,165926,184996,212632,227856,245286,262714,314470,369812,421686,430383,456548,458034,525219,508730,513248,535112,507074,511841,537388,
East Asia & Pacific (IDA & IBRD countries),,,,,,,,,,,28900000,35600000,41100000,46400000,45800000,48800000,58200000,72700000,83000000,82200000,76900000,74200000,68300000,66500000,66900000,70500000,73900000,78100000,79700000,78700000,76300000,77400000,79500000,81900000,83700000,89200000,96000000,102000000,108000000,113000000,118000000,124000000,129000000,136000000,141000000,142000000,143000000,146000000,146000000,146000000,145000000,144000000,143000000,143000000,139000000,138000000,136000000,138000000,141000000,143000000,
Europe & Central Asia (IDA & IBRD countries),,,,,,,,,,,41300000,41800000,42300000,42600000,42500000,42400000,42000000,41400000,40800000,40000000,39400000,38800000,38600000,38800000,39200000,40000000,41000000,41700000,42400000,42800000,43100000,43100000,42900000,43000000,43000000,43700000,44100000,44700000,45200000,46200000,46800000,47700000,47800000,47200000,45100000,43300000,42300000,41200000,39600000,38900000,38400000,38000000,37300000,39700000,39600000,39300000,39400000,40000000,40400000,41000000,
Togo,,,,,,,,,,,,22003,27255,31288,37546,48415,64404,81169,96065,113730,127894,,130366,119106,101989,91207,97120,98490,115390,110318,127704,125545,127831,,134559,153348,169481,178254,,231948,258677,288347,329307,354965,375385,404470,430064,408964,,,,545861,,,,,,727949,,,
Thailand,,,,,,,,,,,,695023,772704,868885,982295,1066486,1193741,1324539,1386136,1737923,1805708,1919967,1990866,,2191713,2249780,2243373,2184850,2108964,2083237,2117903,2230403,2444092,2717672,3044069,3382755,3794290,3925923,4097331,,,4072108,4150184,,4253380,4533173,4530029,4789339,4728761,4769211,4807093,4892517,4785810,4655351,6791615,6757174,6570988,6335213,6265551,6019229,
Tajikistan,,,,,,,,,,,,,,,,,,,,,,,,,,,,,,,,829479,830302,786964,702375,724056,,,,768903,795380,847445,899236,948341,973673,984410,998928,1012275,1019250,1023371,1031723,1045185,1054808,1062975,,,,,,,
Turkmenistan,,,,,,,,,,,,,,,,,,,,,,,,,,,,,,,,,,,,,,,,,,,,,,,,,,,,,,,,,,,,706547,
Latin America & the Caribbean (IDA & IBRD countries),,,,,,,,,,,10400000,11300000,12900000,14300000,17000000,18300000,20000000,21500000,22600000,34100000,35100000,36000000,37000000,37900000,38900000,27700000,40700000,41500000,42300000,43000000,43800000,44800000,45900000,46600000,47700000,49000000,50300000,50800000,53300000,53600000,55500000,55900000,56900000,55600000,57100000,57600000,57800000,57700000,58600000,59400000,60100000,60500000,60600000,63300000,63200000,62900000,63300000,63100000,63000000,63200000,
Timor-Leste,,,,,,,,,,,,,,,,,,,,,,,,,,,,,,,,,,,,,,,,,,44459,52785,58603,73005,74822,,,78655,96067,101501,107859,111422,112021,118935,129314,140462,149883,155832,161660,
Middle East & North Africa (IDA & IBRD countries),,,,,,,,,,,4415800,4535826,5210263,5640808,6116242,6799370,7517572,8244841,9248044,9844807,10400000,10900000,11500000,12000000,12700000,13400000,14400000,15100000,15800000,16400000,18100000,18600000,19100000,20300000,22000000,22900000,23700000,25100000,26500000,27800000,28800000,29600000,30100000,31200000,31600000,31300000,31100000,30700000,30700000,30800000,30700000,31800000,31800000,29800000,29200000,29400000,29800000,30100000,30500000,31200000,
Tonga,,,,,,,,,,,10159,10455,10371,10552,11052,11351,,,12795,,,16566,17085,16822,17009,15232,13587,,,,14749,14825,,16570,,,,,13661,14710,14524,14127,14567,15743,14032,,13938,14580,14632,14676,14777,14874,14784,14840,14961,15800,,,,,
South Asia (IDA & IBRD),,,,,,,,,,,25500000,26200000,27200000,28300000,29200000,30200000,30900000,32200000,33300000,35100000,37400000,39300000,41800000,45300000,48100000,50400000,52800000,53900000,55200000,56800000,60900000,66100000,71400000,76400000,79300000,81300000,83600000,86600000,87100000,86900000,91300000,93200000,97600000,103000000,106000000,112000000,116000000,121000000,127000000,128000000,136000000,143000000,150000000,152000000,163000000,165000000,169000000,167000000,170000000,170000000,
Sub-Saharan Africa (IDA & IBRD countries),,,,,,,,,,,5412805,5585863,5883915,6201178,6473494,6921393,7369651,7810862,8413846,9099075,9978487,11000000,11900000,13000000,14100000,14800000,14600000,15200000,15600000,15600000,16200000,16900000,17300000,17900000,18600000,19500000,20300000,20900000,22000000,22800000,23900000,25800000,27400000,29200000,31600000,33400000,35300000,36900000,40000000,43100000,46600000,49200000,52000000,56600000,56600000,58900000,59700000,61300000,63200000,,
Trinidad and Tobago,,,,,,,,,,,,52639,54927,54584,,,,77362,,,,87700,91455,91374,92781,92752,95302,97444,99615,98741,99850,97493,97804,100278,,,,,,,,,,,105381,,,,,,,,,,,,,,,,
Tunisia,,,,,,,,,,,,191445,196979,196033,196307,196447,201845,213046,232856,250197,264392,275696,312033,355161,387445,419337,457630,459034,480245,530004,546953,564540,589674,639403,717156,783169,849359,882730,989491,1058877,1104095,1143082,1169368,1158972,1210012,1239468,1247046,1268219,1259240,1201632,1163833,1152153,,1071729,1019908,1007951,1047035,,,,
Turkey,,,,,,,,,,,,1308779,1429654,1489759,1516880,,1746160,1887524,2028476,2074796,2225533,2217909,2310113,2393477,2540636,,2927692,3088483,3288309,3512135,3620982,3808142,3987423,4299810,4476086,4725551,,4760892,,5522936,5658333,6419272,6736387,6851036,6585557,6345057,6631883,6822949,6708970,7100959,7530640,7965619,7757880,10562609,10898577,10969178,11019149,11404385,11279561,,
Tuvalu,,,,,,,,,,,,,,,,,,,,,,,,,,,,,,,625,,,,,,,,830,,,912,,,,,,,,,,,,,1201,1289,1123,,1089,682,
Tanzania,,,,,,,,,,,44941,47570,48440,51991,59406,62031,66094,70944,74126,77868,78715,75051,77246,80623,83004,95915,104656,116347,132282,146428,,184403,191651,198421,204258,211425,213346,236886,,,,,,,,,,,,,1825956,,,,1947349,1774383,1807674,1920524,2148466,2338457,
Uganda,,,,,,,,,,,48221,,,52670,53586,55263,66986,70647,74032,77929,86560,94614,145389,133393,162005,179483,213733,242727,262735,,267517,256194,256669,261762,275590,292321,,294418,,,,,,,732792,,,1031520,,,,,,,,,,,,,
Ukraine,,,,,,,,,,,,,,,,,,,,,,4754924,4718500,4743000,4745500,4777300,4823500,,4893900,,4843900,4773700,4731700,4701000,4731200,,,,,5214106,5204485,5123602,4982947,4824077,4445974,4042827,3896263,3708736,3498524,3288557,3132972,2925709,2899116,2803364,2713646,2370298,2325864,2334978,2376848,2444548,
Upper middle income,,,,,,,,,,,62900000,70500000,78100000,84800000,87000000,91300000,102000000,117000000,129000000,138000000,134000000,131000000,126000000,125000000,127000000,120000000,137000000,143000000,146000000,146000000,145000000,147000000,150000000,154000000,157000000,164000000,173000000,180000000,188000000,195000000,202000000,208000000,213000000,217000000,221000000,221000000,222000000,224000000,223000000,223000000,222000000,222000000,220000000,224000000,221000000,220000000,218000000,218000000,220000000,222000000,
Uruguay,,,,,,,,,,,168083,173262,181498,188036,188373,182195,183912,180418,176167,172969,,188123,190053,197890,207663,213774,224134,229085,243135,252935,265947,276482,272622,266840,263180,263616,269826,,275090,283838,303883,315968,332175,343617,339057,323087,323027,294852,281593,288491,321397,331659,335126,337609,339221,339740,347841,356952,355851,,
United States,,,,,,,,,,,,,,,,,,,,,,,,,,,,,,,,,,,,,,,,,,,,,,,,,,,,,,,24229776,24417186,24707908,24787964,24871356,,
Uzbekistan,,,,,,,,,,,,,,,,,,,,,,2879300,,,,,3115000,,,3170300,3186300,3194600,3225500,3194000,3218800,3318900,,,,3410955,3565979,,,4258787,4338358,4515852,4542174,4598037,4497372,4506226,4448978,4370300,4335596,4195583,4082709,3964383,3908744,3892888,3949245,4073028,
St. Vincent and the Grenadines,,,,,,,,,,,,3158,4009,,4995,4878,5084,,,,,,8058,,7473,6160,6782,8785,7237,,,10719,,,,,,,,,9679,9756,9920,9624,10398,9780,,11238,11641,11704,11426,10927,10419,10394,10342,10286,10117,10113,9808,,
"Venezuela, RB",,,,,,,,,,,,425146,480950,533653,584211,631210,715848,774829,812965,853754,889964,918111,945939,985422,1014541,1061139,1092833,1112093,1129246,1138916,1164868,1200397,1248018,1286046,,,,,,1439122,1543425,1677807,1811127,1866114,1953506,2028388,2104857,2174619,2224214,2252421,2254935,2287393,2354412,2574580,2567278,2522661,2427635,2391174,,,
British Virgin Islands,,,,,,,,,,,,865,850,745,790,796,821,,,814,,791,,,1323,1078,,,,,1094,1124,1134,,1309,,,,,1511,1513,1562,1593,1633,1707,1882,1959,1921,,1942,2029,1923,1955,1977,1987,2027,2034,2255,1731,,
Virgin Islands (U.S.),,,,,,,,,,,,6500,7100,9291,9340,9160,10590,11799,11000,10700,12000,11326,12828,13414,13881,14274,13548,13400,13200,13100,12900,12700,12600,12502,12600,12700,,12900,,,,,,,,,,,,,,,,,,,,,,,
Vietnam,,,,,,,,,,,,,,,,,2987997,3200912,,,3884428,,,,,,,,,,3651719,,,,,,,,6818774,,,,,,,,,,,,,,,,,,,,,,
Vanuatu,,,,,,,,,,,784,878,980,1089,1295,1505,1788,2127,2284,,2426,2480,,2904,,,,,,3369,,4184,,,,,,,,8989,10446,10934,12313,12800,13837,,,,,,20256,,,,,20568,,,,,
World,,,,,,,,,,,183000000,198000000,210000000,220000000,226000000,234000000,248000000,267000000,282000000,294000000,297000000,298000000,298000000,302000000,308000000,305000000,326000000,334000000,338000000,340000000,343000000,351000000,361000000,372000000,383000000,394000000,407000000,415000000,430000000,438000000,452000000,464000000,478000000,491000000,502000000,509000000,516000000,524000000,532000000,536000000,546000000,555000000,562000000,574000000,581000000,583000000,587000000,588000000,597000000,601000000,
Samoa,,,,,,,,,,,15090,,,15427,,20093,20766,22008,22462,23016,24409,24407,26237,,,,25095,,,,,,,,21791,21856,21030,21737,21522,21748,21681,22185,22575,23427,23764,24010,24390,24550,,25429,25998,25640,25564,,26322,25994,25964,,,,
Kosovo,,,,,,,,,,,,,,,,,,,,,,,,,,,,,,,,,,,,,,,,,,,,,,,,,,,,,,,,,,,,,
"Yemen, Rep.",,,,,,,,,,,,,,,,,,,,,,,,,,,,,,,,,,,,,,,,1041816,,1249016,,1373362,1446369,1455206,,,1479157,,1561337,1643116,1674950,1768102,,,1915871,,,,
South Africa,,,,,,,,,,,,,,,,,,,,,,,,,,,,,,2552024,2742105,2939270,,,3571395,,,,4244415,4239197,4141946,4250400,4353817,4446841,4593492,4657674,4790382,4815932,4671139,4687958,4689600,4756111,4843800,,5220975,5279196,5164481,5052180,4878960,,
Zambia,,,,,,,,,,,56182,60235,64695,65494,70812,77672,83637,89270,94628,97373,102019,104652,110416,,,140743,156091,158171,170299,,189796,,,,208640,,,,,,,,,,,,,,,,,,,,,,,,,,
Zimbabwe,,,,,,,,,,,49845,53324,59556,63116,65561,70005,72725,75701,75022,69686,74746,149018,227613,316435,416413,482000,537348,604188,640668,670266,661066,710619,657344,639559,660986,711094,751349,806126,,834880,844183,866171,828456,758229,,,,,,,,,936734,957461,,,,,,,
